Date,Product,Brand,Price,List_Price,Unit
2026-04-05,lomitos de atún carrefour al natural 170 g.,carrefour,2447.2,3190.0,1.0 un
2026-04-05,puré de tomate arcor brik 520 g.,arcor,1029.0,1029.0,1.0 un
2026-04-05,choclo en granos amarillo carrefour classic en lata 300 g.,carrefour,1106.7,1190.0,1.0 un
2026-04-05,fideos tallarin n5 lucchetti 500 g.,matarazzo,1499.0,1499.0,1.0 un
2026-04-05,fideos tirabuzon n28 lucchetti 500 g.,luchetti,1499.0,1499.0,1.0 un
2026-04-05,mayonesa hellmanns liviana doypack 475 g.,hellmanns,2100.0,2800.0,1.0 un
2026-04-05,aceite de girasol carrefour classic  alto omega pet 900 cc.,carrefour,2998.6,3190.0,1.0 un
2026-04-05,mayonesa clásica hellmanns sin tacc doypack 475 g.,hellmanns,2046.75,2729.0,1.0 un
2026-04-05,aceite de girasol cañuelas 1.5 l.,cañuelas,5919.0,5919.0,1.0 un
2026-04-05,mayonesa natura 475 g.,natura,2839.0,2839.0,1.0 un
2026-04-05,lomitos de atún carrefour en aceite 170 g.,carrefour,2447.2,3190.0,1.0 un
2026-04-05,arroz largo fino molinos ala 1 kg.,molinos ala,1790.0,1790.0,1.0 un
2026-04-05,aceite de girasol natura 1.5 l.,natura,6319.0,6319.0,1.0 un
2026-04-05,harina leudante bulnez 1 kg,bulnez,991.9,1090.0,1.0 un
2026-04-05,tomate perita entero carrefour classic en lata 400 cc.,carrefour,939.06,999.0,1.0 un
2026-04-05,puré de tomate la campagnola tetra 530 g.,la campagnola,1135.0,1135.0,1.0 un
2026-04-05,sal fina bulnez en bolsa 500 g.,bulnez,739.0,739.0,1.0 un
2026-04-05,caldo knorr de verdura deshidratado 12 cubos,knorr,2670.0,2670.0,1.0 un
2026-04-05,arroz largo fino 00000 carrefour classic en bolsa 1 kg.,carrefour,1241.08,1349.0,1.0 un
2026-04-05,harina leudante blancaflor 1 kg.,blancaflor,1949.0,1949.0,1.0 un
2026-04-05,arvejas secas remojadas carrefour classic en lata 300 g.,carrefour,559.81,629.0,1.0 un
2026-04-05,garbanzos secos remojados carrefour classic en lata 300 g.,carrefour,806.6,1090.0,1.0 un
2026-04-05,fideos tallarines don vicente en bolsa 500 g.,don vicente,3399.0,3399.0,1.0 un
2026-04-05,fideos tirabuzones n28 matarazzo 500 g.,matarazzo,1849.0,1849.0,1.0 un
2026-04-05,fideos spaghetti n3 matarazzo 500 g.,matarazzo,1849.0,1849.0,1.0 un
2026-04-05,fideos spaghetti n7 lucchetti 500 g.,lucchetti,1439.0,1439.0,1.0 un
2026-04-05,fideos mostacholes n52 lucchetti rayado 500 g.,lucchetti,1499.0,1499.0,1.0 un
2026-04-05,fideos mostacholes n52 matarazzo rayado 500 g.,matarazzo,1849.0,1849.0,1.0 un
2026-04-05,fideos tirabuzón terrabusi 3 vegetales 500 g.,terrabusi,1349.0,1349.0,1.0 un
2026-04-05,arroz parboil gallo oro en bolsa 1 kg.,gallo,2500.0,2500.0,1.0 un
2026-04-05,mostaza savora oiginal doypack 500 g.,savora,2765.0,2765.0,1.0 un
2026-04-05,ketchup hellmanns regular doypack 250 g.,hellmanns,1702.5,2270.0,1.0 un
2026-04-05,arvejas secas remojadas inalpa lata 300 g.,inalpa,659.0,659.0,1.0 un
2026-04-05,fideos guiseros moño carrefour classic 500 g.,carrefour,1664.7,1790.0,1.0 un
2026-04-05,caldo de verdura maggi 12 uni,maggi,1210.3,1729.0,1.0 un
2026-04-05,tomate triturado carrefour 970 cc.,carrefour,2222.7,2390.0,1.0 un
2026-04-05,harina de trigo morixe 0000 1 kg.,morixe,969.0,1299.0,1.0 un
2026-04-05,harina de trigo morixe 000 1 kg.,morixe,979.0,979.0,1.0 un
2026-04-05,puré de papas instantáneo carrefour classic 100 g.,carrefour,1071.0,1190.0,1.0 un
2026-04-05,atún desmenuzado bulnez al natural 170 g.,bulnez,1080.0,1080.0,1.0 un
2026-04-05,fideos coditos lucchetti 500 g.,lucchetti,1499.0,1499.0,1.0 un
2026-04-05,aceite de oliva oliovita extra virgen 500 cc.,oliovita,13259.0,13259.0,1.0 un
2026-04-05,puré de tomate carrefour classic 520 g.,carrefour,809.1,899.0,1.0 un
2026-04-05,vinagre de alcohol menoyo 1 l.,menoyo,1639.0,1639.0,1.0 un
2026-04-05,sal fina celusal paquete 500 g.,celusal,1409.0,1409.0,1.0 un
2026-04-05,harina de trigo 000 caserita x 1 kg,caserita,899.0,899.0,1.0 un
2026-04-05,puré de tomate carrefour classic tetra 520 grs,carrefour,836.07,899.0,1.0 un
2026-04-05,harina leudante chacabuco 1 kg,chacabuco,1479.0,1479.0,1.0 un
2026-04-05,aceitunas verdes descarozadas nucete dp 220 grs,nucete,1949.0,1949.0,1.0 un
2026-04-05,lentejas secas bulnez 400 grs,bulnez,1390.0,1390.0,1.0 un
2026-04-05,aceite de girasol carrefour classic pet 900 ml,carrefour,2998.6,3190.0,1.0 un
2026-04-05,fideo tirabuzones bulnez en paquete 500 g.,bulnez,749.0,839.0,1.0 un
2026-04-05,fideo spaghetti bulnez en paquete 500 g.,bulnez,749.0,839.0,1.0 un
2026-04-05,fideos mostachol bulnez en paquete 500 g.,bulnez,749.0,839.0,1.0 un
2026-04-05,atún en trozos en aceite bulnez en lata 170 g.,bulnez,2590.0,2590.0,1.0 un
2026-04-05,atún en trozos al natural bulnez en lata 170 g.,bulnez,2590.0,2590.0,1.0 un
2026-04-05,avena instantanea carrefour classic pouch 300 g.,carrefour,1385.7,1490.0,1.0 un
2026-04-05,orégano el mercado 50 g.,el mercado,929.0,929.0,1.0 un
2026-04-05,provenzal el mercado 50 g.,el mercado,929.0,929.0,1.0 un
2026-04-05,lentejas carrefour classic 400 g.,carrefour,1554.8,1690.0,1.0 un
2026-04-05,sal gruesa bulnez en bolsa 1 kg.,bulnez,1490.0,1490.0,1.0 un
2026-04-05,polenta instantanea prestopronta en bolsa 490 g.,presto pronta,1529.0,1529.0,1.0 un
2026-04-05,arroz parboil carrefour classic en bolsa 1 kg.,carrefour,1776.6,1890.0,1.0 un
2026-04-05,lentejas secas remojadas carrefour classic en lata 300 g.,carrefour,863.97,929.0,1.0 un
2026-04-05,bizcochuelo fortificado exquisita de vainilla 540 g.,exquisita,3499.0,3499.0,1.0 un
2026-04-05,pan rallado preferido fortificado 1 kg.,preferido,3425.0,3425.0,1.0 un
2026-04-05,puré de papas maggi original 125 grs,maggi,1890.0,2700.0,1.0 un
2026-04-05,fideos cinta caserito don vicente en bolsa 500 g.,don vicente,3399.0,3399.0,1.0 un
2026-04-05,fideos tallarines n5 matarazzo 500 g.,matarazzo,1849.0,1849.0,1.0 un
2026-04-05,avena instantanea morixe 400 g.,morixe,1646.25,2195.0,1.0 un
2026-04-05,fideos guiseros tirabuzon lucchetti 3 vegetales 500 g.,luchetti,1919.0,1919.0,1.0 un
2026-04-05,fideos integrales tirabuzon matarazzo 500 g.,matarazzo,2149.0,2149.0,1.0 un
2026-04-05,fideos tirabuzon matarazzo 3 vegetales 500 g.,matarazzo,2149.0,2149.0,1.0 un
2026-04-05,arroz parboil lucchetti 1 kg.,lucchetti,2099.0,2099.0,1.0 un
2026-04-05,mayonesa  d´ fiesta 500 cc.,fiesta,1700.0,1700.0,1.0 un
2026-04-05,palitos salados carrefour classic 115 g.,carrefour,1071.0,1190.0,1.0 un
2026-04-05,papas fritas carrefour classic corte tradicional 150 g.,carrefour,2305.1,2590.0,1.0 un
2026-04-05,ketchup hellmanns regular doypack 500 g.,hellmanns,2996.25,3995.0,1.0 un
2026-04-05,mostaza savora original doypack 250 g.,savora,1169.0,1565.0,1.0 un
2026-04-05,choclo en granos arcor amarillo lata 300 g.,arcor,1720.0,1720.0,1.0 un
2026-04-05,caldo de gallina maggi 12 uni,maggi,1210.3,1729.0,1.0 un
2026-04-05,polenta instantánea presto pronta bolsa 730 g.,presto pronta,2189.0,2189.0,1.0 un
2026-04-05,harina leudante pureza con vitamina d 1 kg.,pureza,1689.0,1689.0,1.0 un
2026-04-05,esencia de vainilla alicante pet 100 cc.,alicante,1919.0,1919.0,1.0 un
2026-04-05,fideos cinta tallarin carrefour classic 500 g.,carrefour,1173.9,1290.0,1.0 un
2026-04-05,fideos mostachol rayado carrefour classic 500 g.,carrefour,1173.9,1290.0,1.0 un
2026-04-05,fideos tirabuzones carrefour classic 500 g.,carrefour,1173.9,1290.0,1.0 un
2026-04-05,harina 0000 chacabuco 1 kg.,chacabuco,1289.0,1289.0,1.0 un
2026-04-05,tomate triturado don francisco botella 950 g.,don francisco,2600.0,2600.0,1.0 un
2026-04-05,vinagre de alcohol casalta 1 l.,casalta,1565.0,1565.0,1.0 un
2026-04-05,harina integral pureza 1 kg.,pureza,1799.0,1799.0,1.0 un
2026-04-05,mostaza natura 250 g.,natura,955.0,955.0,1.0 un
2026-04-05,sal fina dos anclas en paquete 500 grs,dos anclas,1429.0,1429.0,1.0 un
2026-04-05,atún bulnez en aceite desmenuzado 170 g.,bulnez,1080.0,1080.0,1.0 un
2026-04-05,polvo para hornear royal 100 g.,royal,2579.0,2579.0,1.0 un
2026-04-05,fideos tirabuzones favorita fortificado 500 g.,favorita,965.0,965.0,1.0 un
2026-04-05,fideos spaghetti fortificado favorita 500 g.,favorita,965.0,965.0,1.0 un
2026-04-05,duraznos amarillos en mitades carrefour 820 g.,carrefour,2447.9,2690.0,1.0 un
2026-04-05,fideos coditos rayados matarazzo 500 g.,matarazzo,1849.0,1849.0,1.0 un
2026-04-05,aceite en aerosol natura 120 cc.,natura,4135.0,4135.0,1.0 un
2026-04-05,mostaza natura 500 g.,natura,1885.0,1885.0,1.0 un
2026-04-05,ketchup natura 250 cc.,natura,1600.0,1600.0,1.0 un
2026-04-05,harina pureza especial para pizzas 1 kg.,pureza,1980.0,1980.0,1.0 un
2026-04-05,pan rallado carrefour classic 1 kg.,carrefour,2294.4,2390.0,1.0 un
2026-04-05,pimentón 50 g.,genérico,1199.0,1199.0,1.0 un
2026-04-05,puré de tomate salsati 520 g.,bc,1265.0,1265.0,1.0 un
2026-04-05,aceite de girasol natura 900 cc.,natura,3999.0,3999.0,1.0 un
2026-04-05,aceite en aerosol carrefour classic girasol 150 cc.,carrefour,3539.9,3890.0,1.0 un
2026-04-05,sal gruesa dos anclas caja 500 g.,dos anclas,1349.0,1349.0,1.0 un
2026-04-05,aceite de girasol cocinero 900 cc.,cocinero,3705.0,3705.0,1.0 un
2026-04-05,arroz molinos ala parboil bolsa 1 kg.,molinos ala,2100.0,2100.0,1.0 un
2026-04-05,arroz molinos ala doble carolina bolsa 1 kg.,molinos ala,3250.0,3250.0,1.0 un
2026-04-05,vinagre de alcohol carrefour classic 1 l.,carrefour,1431.0,1590.0,1.0 un
2026-04-05,vinagre de alcohol alcazar 1 l.,alcazar,1230.0,1230.0,1.0 un
2026-04-05,fideos moños matarazzo 500 g.,matarazzo,2409.0,2409.0,1.0 un
2026-04-05,mayonesa natura 950 g.,natura,5569.0,5569.0,1.0 un
2026-04-05,tomate perita la campagnola 400 g.,la campagnola,1419.0,1419.0,1.0 un
2026-04-05,picadillo de carne swift 90 g.,swift,1289.0,1289.0,1.0 un
2026-04-05,pate de foie swift lata 90 g.,swift,1289.0,1289.0,1.0 un
2026-04-05,aceite de girasol cocinero 1.5 l.,cocinero,5865.0,5865.0,1.0 un
2026-04-05,paté de foie bulnez en lata 90 grs,bulnez,749.0,849.0,1.0 un
2026-04-05,picadillo de carne bulnez en lata 90 grs,bulnez,749.0,849.0,1.0 un
2026-04-05,arroz largo fino bulnez 1 kg,bulnez,1190.0,1190.0,1.0 un
2026-04-05,arroz blanco shangrila 1 kg,shangrila,1050.0,1050.0,1.0 un
2026-04-05,maíz pisingallo bulnez 400 grs,bulnez,719.0,719.0,1.0 un
2026-04-05,aceite de oliva extra virgen carrefour extra  en botella 500 ml,carrefour,11030.8,15190.0,1.0 un
2026-04-05,papas fritas bulnez sabor original en tubo 100 grs,bulnez,2190.0,2190.0,1.0 un
2026-04-05,papas fritas bulnez sabor queso y cebolla en tubo 100 grs,bulnez,2190.0,2190.0,1.0 un
2026-04-05,papas fritas carrefour classic en bolsa 250 grs,carrefour,3946.8,4290.0,1.0 un
2026-04-05,tomate perita salsati pelado 400 grs,salsati,1639.0,1639.0,1.0 un
2026-04-05,lentejas secas carrefour classic remojadas 340 grs,carrefour,836.07,899.0,1.0 un
2026-04-05,fideo tallarin bulnez en paquete 500 g.,bulnez,749.0,839.0,1.0 un
2026-04-05,puré chef 100 grs,chef,1839.0,1839.0,1.0 un
2026-04-05,harina de trigo bulnez 000 1 kg,bulnez,789.0,789.0,1.0 un
2026-04-05,aceituna verde carrefour classic en rodajas doypack 150 grs,carrefour,1810.9,1990.0,1.0 un
2026-04-05,fideos codos bulnez en paquete 500 g.,bulnez,749.0,839.0,1.0 un
2026-04-05,bicarbonato de sodio carrefour classic 50 g.,carrefour,677.97,729.0,1.0 un
2026-04-05,jugo de limón bulnez en botella 1000 cc.,bulnez,2890.0,2890.0,1.0 un
2026-04-05,aceitunas descarozadas morixe dp 300 g.,morixe,2250.0,2250.0,1.0 un
2026-04-05,puré de tomates bulnez 520 g.,bulnez,649.0,799.0,1.0 un
2026-04-05,salsa filetto knorr 340 g.,knorr,1499.0,1499.0,1.0 un
2026-04-05,salsa pomarola tradicional knorr 340 g.,knorr,1499.0,1499.0,1.0 un
2026-04-05,salsa pizza knorr 340 g.,knorr,1499.0,1499.0,1.0 un
2026-04-05,salsa pizza knorr 200 g.,knorr,1009.0,1009.0,1.0 un
2026-04-05,garbanzo carrefour classic 400 g.,carrefour,1400.6,1490.0,1.0 un
2026-04-05,caldo knorr de gallina deshidratado 12 cubos.,knorr,2725.0,2725.0,1.0 un
2026-04-05,brownies de chocolate exquisita 425 g.,exquisita,4699.0,4699.0,1.0 un
2026-04-05,gelatina light exquista de frutilla 25 g.,exquisita,1200.0,1200.0,1.0 un
2026-04-05,arroz integral gallo en bolsa 500 g.,gallo,1579.0,1579.0,1.0 un
2026-04-05,arroz parboil gallo oro en bolsa 500 g.,gallo,1319.0,1319.0,1.0 un
2026-04-05,choclo cremoso amarillo carrefour classic en lata 300 g.,carrefour,909.09,999.0,1.0 un
2026-04-05,gelatina fortificada exquisita de frambuesa 40 g.,exquisita,1200.0,1200.0,1.0 un
2026-04-05,puré de papas maggi original 200 grs,maggi,2733.5,3905.0,1.0 un
2026-04-05,fideos cinta fetuccini don vicente 500 g.,don vicente,3399.0,3399.0,1.0 un
2026-04-05,fideos penne rigate n45 lucchetti 500 g.,lucchetti,1499.0,1499.0,1.0 un
2026-04-05,papas fritas krachitos corte americano 420 g.,krachitos,5729.0,5729.0,1.0 un
2026-04-05,fideos sin tacc spaghetti matarazzo 500 g.,matarazzo,4499.0,4499.0,1.0 un
2026-04-05,fideos integrales spaghetti matarazzo 500 g.,matarazzo,2149.0,2149.0,1.0 un
2026-04-05,fideos penne rigante matarazzo 500 g.,matarazzo,1849.0,1849.0,1.0 un
2026-04-05,arroz largo fino 00000 lucchetti 1 kg.,lucchetti,1799.0,1799.0,1.0 un
2026-04-05,arroz doble gallo 500 g.,gallo,2200.0,2200.0,1.0 un
2026-04-05,salsa bbq dánica dp 220 g.,dánica,1519.0,1519.0,1.0 un
2026-04-05,ketchup dánica dp 220 g.,dánica,1300.0,1300.0,1.0 un
2026-04-05,mayonesa dánica dp 500 g.,dánica,1850.0,1850.0,1.0 un
2026-04-05,mostaza danica 220 g.,dánica,840.0,840.0,1.0 un
2026-04-05,ravioles la salteña de jamón y muzzarella en blister 450 g.,la salteña,3800.0,3800.0,1.0 un
2026-04-05,ravioles la salteña de pollo y verdura 450 g.,la salteña,3799.0,3799.0,1.0 un
2026-04-05,nachos macritas restaurant style 250 g.,macritas,4400.0,4400.0,1.0 un
2026-04-05,aceite de oliva cocinero extra virgen pet 500 cc.,cocinero,8872.5,13650.0,1.0 un
2026-04-05,almidón de maíz maizena clásica sin tacc 500 g.,maizena,3849.0,3849.0,1.0 un
2026-04-05,almidón de maíz maizena clásica sin tacc 220 g.,maizena,2240.0,2240.0,1.0 un
2026-04-05,arroz largo fino crucero 00000 1 kg.,crucero,1280.0,1280.0,1.0 un
2026-04-05,palitos de maíz sabor queso carrefour classic 145 g.,carrefour,1971.0,2190.0,1.0 un
2026-04-05,mani pelado salado carrefour classic 115 g.,carrefour,1173.9,1290.0,1.0 un
2026-04-05,harina pureza con masa madre para pizza 1 kg.,pureza,2379.0,2379.0,1.0 un
2026-04-05,palitos krachitos salados 110 g.,krachitos,1519.0,1519.0,1.0 un
2026-04-05,flan royal de vainilla 60 g.,royal,1389.0,1389.0,1.0 un
2026-04-05,gelatina royal sabor frutos rojos 25 g.,genérico,1369.0,1369.0,1.0 un
2026-04-05,harina morixe para pizza 1 kg.,morixe,1859.0,1859.0,1.0 un
2026-04-05,aceituna verde carrefour descarozadas classic dp 140 g.,carrefour,2421.0,2690.0,1.0 un
2026-04-05,aceituna verde carrefour classic dp 170 g.,carrefour,1625.4,1890.0,1.0 un
2026-04-05,tomate perita classic cubeteados en lata 400 g.,carrefour,1334.4,1390.0,1.0 un
2026-04-05,harina de trigo tassara tipo 000 1 kg.,tassara,849.0,849.0,1.0 un
2026-04-05,aceite de girasol legitimo 1.5 lt.,legitimo,5799.0,5799.0,1.0 un
2026-04-05,atún en aceite la campagnola lomitos 170 g.,la campagnola,5535.0,5535.0,1.0 un
2026-04-05,choclo cremoso amarillo inalpa lata 300 g.,inalpa,1100.0,1100.0,1.0 un
2026-04-05,mayonesa bc la campagnola light 500 g.,la campagnola,2509.0,2509.0,1.0 un
2026-04-05,arvejas secas remojadas arcor 300 g.,arcor,1200.0,1200.0,1.0 un
2026-04-05,harina fina integral tassara 1 kg.,tassara,1260.0,1260.0,1.0 un
2026-04-05,porotos secos remojados inalpa lata 300 g.,inalpa,1089.0,1089.0,1.0 un
2026-04-05,garbanzos inalpa secos remojados lata 300 g.,inalpa,929.0,929.0,1.0 un
2026-04-05,lentejas secas remojadas inalpa lata 300 g.,inalpa,1125.0,1125.0,1.0 un
2026-04-05,jardinera inalpa hortalizas y legumbres lata 300 g.,inalpa,979.0,979.0,1.0 un
2026-04-05,pimentón dulce alicante sobre 50 g.,alicante,1750.0,1750.0,1.0 un
2026-04-05,fideos de sémola cinta spaghetti carrefour classic 500 g.,carrefour,1173.9,1290.0,1.0 un
2026-04-05,fideos guiseros codo carrefour classic 500 g.,carrefour,1173.9,1290.0,1.0 un
2026-04-05,harina integral fina chacabuco 1 kg.,chacabuco,1589.0,1589.0,1.0 un
2026-04-05,harina 000 chacabuco 1 kg.,chacabuco,969.0,969.0,1.0 un
2026-04-05,harina integral pureza con levadura pizza 1 kg.,pureza,2079.0,2079.0,1.0 un
2026-04-05,provenzal alicante sobre 50 g.,alicante,2409.0,2409.0,1.0 un
2026-04-05,orégano alicante sobre 50 g.,alicante,2699.0,2699.0,1.0 un
2026-04-05,salsa filetto arcor doy pack 340 g.,arcor,1249.0,1249.0,1.0 un
2026-04-05,capelletini verdura fortificado giacomo 500 g.,giacomo,5449.0,5449.0,1.0 un
2026-04-05,capelletini jamón queso fortificado giacomo 500 g.,giacomo,5449.0,5449.0,1.0 un
2026-04-05,saborizador albahaca y ajo alicante sobre x 4 uni,alicante,1519.0,1519.0,1.0 un
2026-04-05,aceite de oliva extra virgen cocinero intenso 500 cc.,cocinero,8872.5,13650.0,1.0 un
2026-04-05,aceite de oliva extra virgen lira pet 500 cc.,lira,15015.0,15015.0,1.0 un
2026-04-05,arvejas secas remojadas doña pupa tetra 340 g.,doña pupa,719.0,719.0,1.0 un
2026-04-05,harina de trigo 000 ultra refinada cañuelas 1 kg.,cañuelas,1025.0,1025.0,1.0 un
2026-04-05,arroz integral molinos ala bolsa 1 kg.,molinos ala,2250.0,2250.0,1.0 un
2026-04-05,aceite de girasol pureza 900 cc.,pureza,4050.0,4050.0,1.0 un
2026-04-05,ajo en polvo pergola 25 g. sin tacc,pergola,550.0,550.0,1.0 un
2026-04-05,ketchup natura 500 cc.,natura,3169.0,3169.0,1.0 un
2026-04-05,pan rallado morixe 1 kg.,morixe,2025.0,2700.0,1.0 un
2026-04-05,aceite en aerosol cañuelas de girasol 187 cc.,cañuelas,3915.0,3915.0,1.0 un
2026-04-05,puré de papas instantáneo carrefour classic 200 g.,carrefour,2174.9,2390.0,1.0 un
2026-04-05,mayonesa heinz con jugo de limón 350 g.,heinz,2609.0,2609.0,1.0 un
2026-04-05,fideos mostacholes rayados favorita fortificado 500 g.,favorita,965.0,965.0,1.0 un
2026-04-05,duraznos amarillos en mitades carrefour light 800 g.,carrefour,2447.9,2690.0,1.0 un
2026-04-05,rebozador aglu 450 g. sin tacc.,aglu,2400.0,2400.0,1.0 un
2026-04-05,sal fina dos estrellas 500 g.,dos estrellas,989.0,989.0,1.0 un
2026-04-05,caldo de verduras carrefour classic caja 12 u.,carrefour,1264.9,1390.0,1.0 un
2026-04-05,fideos monos lucchetti bolsa 500 g.,lucchetti,2409.0,2409.0,1.0 un
2026-04-05,sal fina carrefour classic en bolsa 500 grs,carrefour,991.9,1090.0,1.0 un
2026-04-05,pan rallado mamá cocina fortificado 1 kg.,mamá cocina,2950.0,2950.0,1.0 un
2026-04-05,jugo de limón minerva pet 500 cc.,minerva,3299.0,3299.0,1.0 un
2026-04-05,fideos municiones terrabusi 500 g.,terrabusi,1165.0,1165.0,1.0 un
2026-04-05,jurel en agua y aceite carrefour classic 425 grs,carrefour,3501.0,3890.0,1.0 un
2026-04-05,lomitos de atún carrefour al natural 3 x 80 g.,carrefour,4863.3,5590.0,1.0 un
2026-04-05,pan rallado carrefour classic 500 g.,carrefour,1161.0,1290.0,1.0 un
2026-04-05,aceite de oliva carrefour classic virgen en botella 500 ml,carrefour,10018.8,10890.0,1.0 un
2026-04-05,pimienta negra en grano 50 g.,genérico,2199.0,2199.0,1.0 un
2026-04-05,ajo picado deshidratado 50 g.,genérico,1169.0,1169.0,1.0 un
2026-04-05,ají molido x 50 g.,genérico,1279.0,1279.0,1.0 un
2026-04-05,adobo para pizza 50 g.,genérico,1099.0,1099.0,1.0 un
2026-04-05,aceite de oliva extra virgen la toscana botella 250 cc.,la toscana,8900.0,8900.0,1.0 un
2026-04-05,aceite de oliva la toscana extra virgen 500 cc.,la toscana,18259.0,18259.0,1.0 un
2026-04-05,arroz molinos ala largo fino 00000 bolsa 500 g.,molinos ala,1050.0,1050.0,1.0 un
2026-04-05,tomate perita arcor 400 g.,arcor,1269.0,1269.0,1.0 un
2026-04-05,mayonesa mayoliva aceite de oliva 250 cc.,mayoliva,2389.0,2389.0,1.0 un
2026-04-05,polenta instantánea carrefour classic 500 grs,carrefour,675.51,759.0,1.0 un
2026-04-05,salsa de soja la parmesana 300 g.,la parmesana,2700.0,2700.0,1.0 un
2026-04-05,harina leudante caserita x 1 kg,caserita,1499.0,1499.0,1.0 un
2026-04-05,sal fina celusal 500 g.,celusal,1685.0,1685.0,1.0 un
2026-04-05,avena instantánea quaker en caja 500 grs,quaker,3539.0,3539.0,1.0 un
2026-04-05,galletitas saladas saladix sabor pizza 40 grs,saladix,999.0,999.0,1.0 un
2026-04-05,galletitas original club social x6 24 grs,club social,2600.22,2600.22,1.0 un
2026-04-05,aceite de oliva virgen carrefour classic pet 500 ml,carrefour,9860.6,10490.0,1.0 un
2026-04-05,arroz largo fino bulnez 500 grs,bulnez,619.0,619.0,1.0 un
2026-04-05,fideos secos bulnez pamperitos 500 grs,bulnez,959.0,959.0,1.0 un
2026-04-05,papas fritas pehuamar acanaladas 450 grs,pehuamar,9900.0,9900.0,1.0 un
2026-04-05,baguetin carrefour classic sabor jamón 70 grs,carrefour,872.69,959.0,1.0 un
2026-04-05,baguetin carrefour classic sabor pizza 70 grs,carrefour,872.69,959.0,1.0 un
2026-04-05,aceitunas verdes nucete dp 220 grs,nucete,1389.0,1389.0,1.0 un
2026-04-05,lentejón carrefour classic 400 grs,carrefour,1990.0,1990.0,1.0 un
2026-04-05,fideos ramen arcor sabor carne 70 grs,arcor,1479.0,1479.0,1.0 un
2026-04-05,fideos ramen arcor sabor pollo 70 grs,arcor,1479.0,1479.0,1.0 un
2026-04-05,puré de tomate corper sin gluten 520 grs,corper,999.0,999.0,1.0 un
2026-04-05,tomate triturado corper sin gluten 910 grs,corper,2289.0,2289.0,1.0 un
2026-04-05,fideos cabello de angel nido carrefour classic 500 grs,carrefour,2152.6,2290.0,1.0 un
2026-04-05,polenta instantanea molinos ala 500 grs,molinos ala,800.0,800.0,1.0 un
2026-04-05,merluza al natural carrefour classic 340 grs,carrefour,2720.9,2990.0,1.0 un
2026-04-05,fideos tirabuzón matarazzo proteina plus 400 grs,matarazzo,3950.0,3950.0,1.0 un
2026-04-05,gelatina light carrefour classic sabor frambuesa 20 grs,carrefour,873.27,939.0,1.0 un
2026-04-05,salsa barbacoa hellmanns dp 250 grs,hellmanns,2579.0,2579.0,1.0 un
2026-04-05,garbanzo seco carrefour classic remojado 340 grs,carrefour,929.66,989.0,1.0 un
2026-04-05,choclo amarillo carrefour classic cremoso 340 grs,carrefour,930.05,979.0,1.0 un
2026-04-05,fideos multicereal sin tacc wakas fusilli kale 300 grs,wakas,3499.0,3499.0,1.0 un
2026-04-05,fideos de arroz sin tacc wakas fusilli con quinoa 300 grs,wakas,3499.0,3499.0,1.0 un
2026-04-05,harina de trigo 00 chacabuco napolitana 1 kg,chacabuco,2299.0,2299.0,1.0 un
2026-04-05,caldo de verdura bulnez 6 uni,bulnez,659.0,659.0,1.0 un
2026-04-05,maicitos clásicos pehuamar 265 g.,pehuamar,5899.0,5899.0,1.0 un
2026-04-05,aceitunas negras carrefour classic doypack 180 grs,carrefour,2716.6,2890.0,1.0 un
2026-04-05,polvo para hornear carrefour classic 50 grs,carrefour,891.48,969.0,1.0 un
2026-04-05,fideos nido huevo carrefour classic 500 g.,carrefour,2340.6,2490.0,1.0 un
2026-04-05,jugo de limón bulnez en botella 500 cc.,bulnez,1790.0,1790.0,1.0 un
2026-04-05,vinagre de manzana bulnez en botella 1000 cc.,bulnez,2690.0,2690.0,1.0 un
2026-04-05,choclo entero amarillo bulnez en lata 300 g.,bulnez,1190.0,1190.0,1.0 un
2026-04-05,tomate perita entero bulnez en lata 400 g.,bulnez,999.0,999.0,1.0 un
2026-04-05,caldo de verdura knorr cero sodio 12 uni,knorr,3409.0,3409.0,1.0 un
2026-04-05,adobo para pizza el mercado 50 g.,el mercado,869.0,869.0,1.0 un
2026-04-05,chimichurri el mercado 50 g.,el mercado,869.0,869.0,1.0 un
2026-04-05,caldo de carne knorr en cubos 12 uni,knorr,2725.0,2725.0,1.0 un
2026-04-05,picadillo de carne carrefour classic 90 g.,carrefour,808.99,889.0,1.0 un
2026-04-05,premezcla para pizza pan puereza sin tacc 500 g.,pureza,3869.0,3869.0,1.0 un
2026-04-05,fideos codito don bernabeu 500 g.,don bernabeu,849.0,849.0,1.0 un
2026-04-05,fideos tirabuzón don bernabeu 500 g.,don bernabeu,849.0,849.0,1.0 un
2026-04-05,fideos mostachole don bernabeu 500 g.,don bernabeu,849.0,849.0,1.0 un
2026-04-05,fideos tallarin don bernabeu 500 g.,don bernabeu,849.0,849.0,1.0 un
2026-04-05,pimienta negra carrefour classic en sobre 25 g.,carrefour,1341.0,1490.0,1.0 un
2026-04-05,rebozador preferido crunch 450 g.,preferido,2799.0,2799.0,1.0 un
2026-04-05,bizcochuelo exquisita de limón en caja 540 g.,exquisita,3499.0,3499.0,1.0 un
2026-04-05,bizcochuelo exquisita de chocolate 540 g.,exquisita,4199.0,4199.0,1.0 un
2026-04-05,gelatina light exquisita de durazno 25 g.,exquisita,1200.0,1200.0,1.0 un
2026-04-05,arroz parboil gallo oro en caja 1 kg,gallo,3129.0,3129.0,1.0 un
2026-04-05,ajo en polvo la parmesana 15 g.,la parmesana,725.0,725.0,1.0 un
2026-04-05,aceite de oliva virgen natura extra suave 500 cc.,natura,14475.0,14475.0,1.0 un
2026-04-05,jardinera sin sal carrefour classic en lata 300 g.,carrefour,863.1,959.0,1.0 un
2026-04-05,gelatina fortificada exquisita de frutilla 40 g.,exquisita,1200.0,1200.0,1.0 un
2026-04-05,pan rallado preferido fortificado 500 g.,preferido,1799.0,1799.0,1.0 un
2026-04-05,fideos rina matarazzo spaghetti de morrón 500 g.,matarazzo,3119.0,3119.0,1.0 un
2026-04-05,fideos rina matarazzo spaghetti 500 g.,matarazzo,3149.0,3149.0,1.0 un
2026-04-05,fideos rina matarazzo spaghetti espinaca 500 g.,matarazzo,3149.0,3149.0,1.0 un
2026-04-05,aceite manteca en aerosol fritolim 120 g.,cocinero,4755.0,4755.0,1.0 un
2026-04-05,extracto de tomate la campagnola 180 g.,la campagnola,2029.0,2029.0,1.0 un
2026-04-05,mayonesa cañuelas 500 cc.,cañuelas,2169.0,2169.0,1.0 un
2026-04-05,papas fritas pringles original 104 g.,pringles,5619.0,5619.0,1.0 un
2026-04-05,fideos guiseros tirabuzones don vicente 500 g.,don vicente,3399.0,3399.0,1.0 un
2026-04-05,fideos guiseros moños don vicente en bolsa 500 g.,don vicente,4529.0,4529.0,1.0 un
2026-04-05,fideos tallarines al huevo don felipe 500 g.,don felipe,2349.0,2349.0,1.0 un
2026-04-05,fideos forattini lucchetti 500 g.,lucchetti,1489.0,1489.0,1.0 un
2026-04-05,fideos mostacholes terrabusi 3 vegetales 500 g.,terrabusi,1350.0,1350.0,1.0 un
2026-04-05,fideos mostacholes terrabusi rayados 500 g.,terrabusi,1109.0,1109.0,1.0 un
2026-04-05,fideos tallarines n7 terrabusi 500 g.,terrabusi,1120.0,1120.0,1.0 un
2026-04-05,fideos tirabuzón terrabusi 500 g.,terrabusi,1119.0,1119.0,1.0 un
2026-04-05,avena tradicional morixe 400 g.,morixe,1649.25,2199.0,1.0 un
2026-04-05,vinagre de alcohol favinco en bidón 5 lts.,favinco,7599.0,7599.0,1.0 un
2026-04-05,nestle´ leche condensada orgánica 395 grs,nestlé,5049.0,5049.0,1.0 un
2026-04-05,fideos sin tacc penne rigante matarazzo 500 g.,matarazzo,4499.0,4499.0,1.0 un
2026-04-05,fideos 3 vegetales penne rigate matarazzo 500 g.,matarazzo,2149.0,2149.0,1.0 un
2026-04-05,fideos coditos terrabusi 500 g.,terrabusi,1119.0,1119.0,1.0 un
2026-04-05,arroz parboil lucchetti 500 g.,lucchetti,1109.0,1109.0,1.0 un
2026-04-05,premezcla chipá lucchetti fortificada 400 g.,lucchetti,5499.0,5499.0,1.0 un
2026-04-05,mani frito salado king dp 350 g.,king,4150.0,4150.0,1.0 un
2026-04-05,polenta tradicional sin tacc bulnez en bolsa 1 kg.,bulnez,1090.0,1090.0,1.0 un
2026-04-05,ketchup d' fiesta 220 g.,fiesta,1299.0,1299.0,1.0 un
2026-04-05,arroz doble carolina gallo en caja 1 kg.,gallo,4499.0,4499.0,1.0 un
2026-04-05,ravioles la sateña 4 quesos blister 450 g.,la salteña,3799.0,3799.0,1.0 un
2026-04-05,aceite de oliva cocinero extra virgen pet 250 cc.,cocinero,4871.75,7495.0,1.0 un
2026-04-05,palitos sabor a queso pehuamar 165 g.,pehuamar,3300.0,3300.0,1.0 un
2026-04-05,papas fritas acanaladas pehuamar 135 g.,pehuamar,3850.0,3850.0,1.0 un
2026-04-05,papas fritas lays clásicas 330 g.,lays,6860.0,9800.0,1.0 un
2026-04-05,nachos sabor a queso doritos 200 g.,doritos,8650.0,8650.0,1.0 un
2026-04-05,papas fritas lays clásicas 134 g.,lays,3500.0,5000.0,1.0 un
2026-04-05,salsa golf danica 220 g.,dánica,1500.0,1500.0,1.0 un
2026-04-05,ravioles la salteña de espinaca y muzzarella 450 g.,la salteña,3799.0,3799.0,1.0 un
2026-04-05,aceto balsámico casalta reducción pet 500 cc.,casalta,9169.0,9169.0,1.0 un
2026-04-05,aceto balsámico casalta clásico pet 500 cc.,casalta,6130.0,6130.0,1.0 un
2026-04-05,harina integral blancaflor 1 kg.,blancaflor,1890.0,1890.0,1.0 un
2026-04-05,arroz largo fino gallo 00000 en bolsa 1 kg.,gallo,2209.0,2209.0,1.0 un
2026-04-05,papas fritas carrefour classic corte americano 150 g.,carrefour,2460.5,2590.0,1.0 un
2026-04-05,postre de chocolate royal en sobre 65 g.,royal,1459.0,1459.0,1.0 un
2026-04-05,tomate triturado carrefour classic dp 970 g.,carrefour,1949.1,2190.0,1.0 un
2026-04-05,gelatina royal sabor cereza 25 g.,genérico,1369.0,1369.0,1.0 un
2026-04-05,gelatina royal sabor frambuesa 25 g.,royal,1369.0,1369.0,1.0 un
2026-04-05,gelatina royal sabor frutilla 25 g.,genérico,1369.0,1369.0,1.0 un
2026-04-05,mayonesa hellmanns ajo doypack 250 g.,hellmanns,2414.25,3219.0,1.0 un
2026-04-05,choclo amarillo la campagnola en granos 300 g.,la campagnola,2100.0,2100.0,1.0 un
2026-04-05,puré de papas knorr tradicional listo 125 g.,knorr,2699.0,2699.0,1.0 un
2026-04-05,orégano dos anclas 25 g.,dos anclas,1250.0,1250.0,1.0 un
2026-04-05,garbanzos secos arcor lata 300 g.,arcor,1519.0,1519.0,1.0 un
2026-04-05,caldo de verdura maggi menos sodio 12 uni,maggi,1260.0,1800.0,1.0 un
2026-04-05,harina de trigo tassara tipo 0000 x 1 kg,tassara,1155.0,1155.0,1.0 un
2026-04-05,salsa caesar dos anclas sin tacc dos anclas botella 350 g.,dos anclas,4585.0,4585.0,1.0 un
2026-04-05,harina integral chacabuco con semillas 750 g.,chacabuco,1989.0,1989.0,1.0 un
2026-04-05,mayonesa clásica hellmanns sin tacc doypack 950 g.,hellmanns,5395.0,5395.0,1.0 un
2026-04-05,caldo de verdura maggi 6 uni,maggi,678.3,969.0,1.0 un
2026-04-05,bizcochuelo favorita chocolate 450 g.,favorita,2469.0,2469.0,1.0 un
2026-04-05,aceto balsámico cocinero tipo reducción 250 cc.,cocinero,4179.0,4179.0,1.0 un
2026-04-05,caldo de carne maggi 12 uni,maggi,1210.3,1729.0,1.0 un
2026-04-05,ajo triturado alicante sobre 50 g.,alicante,1620.0,1620.0,1.0 un
2026-04-05,pimentón dulce alicante sobre 25 g.,alicante,920.0,920.0,1.0 un
2026-04-05,harina de fuerza chacabuco 1 kg.,chacabuco,1729.0,1729.0,1.0 un
2026-04-05,polvo para hornear royal en sobre 50 g.,royal,1529.0,1529.0,1.0 un
2026-04-05,harina integral leudante pureza 1 kg.,pureza,2219.0,2219.0,1.0 un
2026-04-05,condimento alicante arroz sobre 25 g.,alicante,1189.0,1189.0,1.0 un
2026-04-05,salsa filetto la campagnola doy pack 340 g.,la campagnola,1450.0,1450.0,1.0 un
2026-04-05,flan vainilla exquisita sobre 40 g.,exquisita,1199.0,1199.0,1.0 un
2026-04-05,capelletini carne fortificado giacomo bolsa 500 g.,giacomo,5300.0,5300.0,1.0 un
2026-04-05,condimento sabor al horno knorr tipo criollo 21 g.,knorr,3049.0,3049.0,1.0 un
2026-04-05,arroz yamani integral molinos ala caja 500 g.,molinos ala,2850.0,2850.0,1.0 un
2026-04-05,arroz parboil dos hermanos bolsa 1 kg.,dos hermanos,2050.0,2050.0,1.0 un
2026-04-05,arroz largo fino 00000 dos hermanos bolsa 1 kg.,dos hermanos,1770.0,1770.0,1.0 un
2026-04-05,fideos cintas nido n4 al huevo 308 500 g.,308,2735.0,2735.0,1.0 un
2026-04-05,soja texturizada dicomere paquete 350 g.,dicomere,1599.0,1599.0,1.0 un
2026-04-05,arroz integral molinos ala bolsa 500 g.,molinos ala,1189.0,1189.0,1.0 un
2026-04-05,aceite de girasol pureza 1500 cc.,pureza,6329.0,6329.0,1.0 un
2026-04-05,gelatina sin sabor royal 14 g.,royal,930.0,930.0,1.0 un
2026-04-05,harina de maíz para arepas morixe 1 kg.,morixe,3170.0,3170.0,1.0 un
2026-04-05,premezcla de harina onza de oro 500 g. sin tacc,onza de oro,2485.0,2485.0,1.0 un
2026-04-05,aceto balsámico cocinero tipo reducción 500 cc.,cocinero,7415.0,7415.0,1.0 un
2026-04-05,pan rallado morixe 500 g.,morixe,1087.5,1450.0,1.0 un
2026-04-05,semillas de chia genser 150 g.,genser,3029.0,3029.0,1.0 un
2026-04-05,ketchup heinz doypack 397 g.,heinz,4490.0,6400.0,1.0 un
2026-04-05,puré de papas y zapallo instantáneo carrefour classic 100 g.,carrefour,1985.5,2090.0,1.0 un
2026-04-05,galletitas crackers club social jamón 6 x 23.5 g.,club social,2829.0,2829.0,1.0 un
2026-04-05,fideos dedalitos favorita bolsa 500 g.,favorita,965.0,965.0,1.0 un
2026-04-05,fideos coditos rayados favorita fortificado 500 g.,favorita,965.0,965.0,1.0 un
2026-04-05,fideos tallarines favorita 500 g.,favorita,965.0,965.0,1.0 un
2026-04-05,fideos cabello de ángel lucchetti 500 g.,lucchetti,2410.0,2410.0,1.0 un
2026-04-05,aritos de arroz dos hermanos crema y cebolla 80 g.,dos hermanos,1549.0,1549.0,1.0 un
2026-04-05,jugo de limón menoyo 500 cc.,menoyo,2119.0,2119.0,1.0 un
2026-04-05,vinagre de manzana menoyo pet 250 cc.,menoyo,1275.0,1275.0,1.0 un
2026-04-05,sal gruesa carrefour classic 1 kg,carrefour,1370.8,1490.0,1.0 un
2026-04-05,premezcla para pizza pureza gourmet 550 g.,pureza,1950.0,1950.0,1.0 un
2026-04-05,fideos dedalitos lucchetti 500 g.,lucchetti,1500.0,1500.0,1.0 un
2026-04-05,fideos letritas lucchetti 500 g.,lucchetti,1500.0,1500.0,1.0 un
2026-04-05,duraznos carrefour cubeteados 820 g.,carrefour,2447.9,2690.0,1.0 un
2026-04-05,ketchup la campagnola 250 g.,bc,1679.0,1679.0,1.0 un
2026-04-05,jugo de limón minerva pet 250 cc.,minerva,2045.0,2045.0,1.0 un
2026-04-05,filet de anchoas en aceite carrefour classic 90 grs,carrefour,5012.7,5390.0,1.0 un
2026-04-05,jugo de limón minerva pet 1 l.,minerva,6129.0,6129.0,1.0 un
2026-04-05,harina de trigo pureza con levadura pan casero 1 kg.,pureza,1980.0,1980.0,1.0 un
2026-04-05,salsa golf natura 250 cc.,natura,1679.0,1679.0,1.0 un
2026-04-05,aceite de oliva oliovita meditarráneo extra virgen 500 cc.,oliovita,13259.0,13259.0,1.0 un
2026-04-05,galletitas crackers kesitas 125 g.,kesitas,2059.0,2059.0,1.0 un
2026-04-05,atún aceite oliva lomitos carrefour pack 3 80 g.,carrefour,5198.7,5590.0,1.0 un
2026-04-05,galletitas crackers rex original 125 g.,rex,2059.0,2059.0,1.0 un
2026-04-05,ramen nissin carne 85 g.,nissin ramen,2085.0,2085.0,1.0 un
2026-04-05,ramen nissin pollo 85 g.,nissin ramen,2085.0,2085.0,1.0 un
2026-04-05,rebozador carrefour classic 1 kg.,carrefour,2294.4,2390.0,1.0 un
2026-04-05,rebozador carrefour classic 500 g.,carrefour,1161.0,1290.0,1.0 un
2026-04-05,mayonesa mayoliva natura aceite de oliva 475 g.,natura,4665.0,4665.0,1.0 un
2026-04-05,orégano 50 g.,genérico,1119.0,1119.0,1.0 un
2026-04-05,laurel en hojas 25 g.,genérico,599.0,599.0,1.0 un
2026-04-05,comino molido 50 g.,genérico,969.0,969.0,1.0 un
2026-04-05,coco rallado 50 g.,genérico,999.0,999.0,1.0 un
2026-04-05,atún en aceite lomitos carrefour lata 354 g.,carrefour,4863.3,5590.0,1.0 un
2026-04-05,galletitas crackers rex original 75 g.,rex,1549.0,1549.0,1.0 un
2026-04-05,aceite de girasol cañuelas 900 cc.,cañuelas,3729.0,3729.0,1.0 un
2026-04-05,coctel carrefour cinco frutas 820 g.,carrefour,3195.1,3590.0,1.0 un
2026-04-05,vinagre de manzana carrefour classic 500 cc.,carrefour,1701.0,1890.0,1.0 un
2026-04-05,vinagre de alcohol carrefour classic 500 cc.,carrefour,1002.8,1090.0,1.0 un
2026-04-05,sal gruesa celusal paquete 1 kg.,celusal,2445.0,2445.0,1.0 un
2026-04-05,pulpa de tomate arcor 520 g. sin tacc,arcor,899.0,899.0,1.0 un
2026-04-05,sal fina dos anclas 500 g.,dos anclas,1619.0,1619.0,1.0 un
2026-04-05,choclo en granos carrefour classic en lata 280 grs,carrefour,1106.7,1190.0,1.0 un
2026-04-05,paté de foie picante swift jalapeño 90 grs,swift,1120.0,1120.0,1.0 un
2026-04-05,choclo carrefour classic dp 240 grs,carrefour,1278.8,1390.0,1.0 un
2026-04-05,ketchup estilo americano la campagnola 250 grs,la campagnola,1679.0,1679.0,1.0 un
2026-04-05,puré de tomate carrefour classic tetra 1020 grs,carrefour,1478.7,1590.0,1.0 un
2026-04-05,aceite de coco neutro carrefour classic 200 ml,carrefour,5541.9,6090.0,1.0 un
2026-04-05,premezcla chipa pureza sin tacc 250 grs,pureza,3990.0,3990.0,1.0 un
2026-04-05,harina multicereal con levadura pureza con masa madre 1 kg,pureza,3651.5,3651.5,1.0 un
2026-04-05,fideos casereccia al huevo rina matarazzo 500 grs,rina,3500.0,3500.0,1.0 un
2026-04-05,galletitas saladas saladix duo 33 grs,saladix,999.0,999.0,1.0 un
2026-04-05,galletitas saladas saladix sabor jamón 40 grs,saladix,999.0,999.0,1.0 un
2026-04-05,jugo de limón carrefour classic pet 500 ml,carrefour,1943.7,2090.0,1.0 un
2026-04-05,aceite de oliva extra virgen pietro coricelli 500 ml,pietro coricelli,12990.0,15990.0,1.0 un
2026-04-05,fideos tortiglioni de semolina pietro coricelli 500 grs,pietro coricelli,2490.0,2990.0,1.0 un
2026-04-05,fideos fusilli de semolina pietro coricelli 500 grs,pietro coricelli,2490.0,2990.0,1.0 un
2026-04-05,fideos penne de semolina pietro coricelli 500 grs,pietro coricelli,2490.0,2990.0,1.0 un
2026-04-05,fideos spaghetti de semolina pietro coricelli 500 grs,pietro coricelli,2490.0,2990.0,1.0 un
2026-04-05,premezcla brownie carrefour classic sin gluten 400 grs,carrefour,2538.9,2790.0,1.0 un
2026-04-05,harina de avena dicomere sin gluten 350 grs,dicomere,2500.0,2500.0,1.0 un
2026-04-05,fideos secos bulnez dedalitos 500 grs,bulnez,959.0,959.0,1.0 un
2026-04-05,fideos secos bulnez celentano 500 grs,bulnez,959.0,959.0,1.0 un
2026-04-05,papas fritas pehuamar clásicas 450 grs,pehuamar,9900.0,9900.0,1.0 un
2026-04-05,baguetin sabor queso carrefour classic 70 grs,carrefour,872.69,959.0,1.0 un
2026-04-05,saborizador puerro knorr 4 uni,knorr,1570.0,1570.0,1.0 un
2026-04-05,saborizador hongos knorr 4 uni,knorr,1570.0,1570.0,1.0 un
2026-04-05,saborizador mediterraneo knorr en sobre 4 uni,knorr,1570.0,1570.0,1.0 un
2026-04-05,fideos ramen arcor pollo picante 70 grs,arcor,1479.0,1479.0,1.0 un
2026-04-05,pan rallado preferido libre de gluten 350 ml,preferido,3930.0,3930.0,1.0 un
2026-04-05,fideos fettuccini don vicente de morrón 500 grs,don vicente,4019.0,4019.0,1.0 un
2026-04-05,fideos fettuccini don vicente de zapallo y zanahoria 500 grs,don vicente,4020.0,4020.0,1.0 un
2026-04-05,aceitunas rellenas de pimiento carrefour extra 200 grs,carrefour,2451.8,2990.0,1.0 un
2026-04-05,fideos tagliatelle nido carrefour classic 500 grs,carrefour,2340.6,2490.0,1.0 un
2026-04-05,puré de tomate italia carrefour extra 520 grs,carrefour,3710.7,5290.0,1.0 un
2026-04-05,polenta instantanea molinos ala 730 grs,molinos ala,1599.0,1599.0,1.0 un
2026-04-05,extracto de vainilla carrefour extra 100 ml,carrefour,0.0,0.0,1.0 un
2026-04-05,salsa honey mustard kansas botella chica 280 grs,kansas,3750.0,3750.0,1.0 un
2026-04-05,salsa barbacoa kansas botella chica 295 grs,kansas,3750.0,3750.0,1.0 un
2026-04-05,salsa barbacoa d fiesta 220 grs,fiesta,1509.0,1509.0,1.0 un
2026-04-05,arvejas y choclo carrefour classic en lata 300 grs,carrefour,1212.6,1290.0,1.0 un
2026-04-05,tomate cherry carrefour extra en lata 400 grs,carrefour,2222.7,3690.0,1.0 un
2026-04-05,gelatina light carrefour classic sabor frutilla 20 grs,carrefour,873.27,939.0,1.0 un
2026-04-05,gelatina sin sabor carrefour classic 14 grs,carrefour,827.19,909.0,1.0 un
2026-04-05,maní tostado sin sal carrefour classic 105 grs,carrefour,1161.0,1290.0,1.0 un
2026-04-05,papas pay bulnez 70 grs,bulnez,1290.0,1290.0,1.0 un
2026-04-05,avena cañuelas instantanea 400 grs,cañuelas,2189.0,2189.0,1.0 un
2026-04-05,papas fritas bulnez sabor cheddar en tubo 100 grs,bulnez,2190.0,2190.0,1.0 un
2026-04-05,nuez moscada molida la parmesana en sobre 15 grs,la parmesana,1139.0,1139.0,1.0 un
2026-04-05,aji molido el mercado 50 grs,el mercado,1150.0,1150.0,1.0 un
2026-04-05,papas fritas corte americano krachitos 275 grs,krachitos,5979.0,5979.0,1.0 un
2026-04-05,papas fritas corte americano krachitos 105 grs,krachitos,2810.0,2810.0,1.0 un
2026-04-05,salsa de soja carrefour classic 300 ml,carrefour,2528.6,2690.0,1.0 un
2026-04-05,snacks de arroz carrefour classic crema y cebolla 80 grs,carrefour,1059.1,1190.0,1.0 un
2026-04-05,porotos alubia carrefour classic secos remojados 340 grs,carrefour,1106.7,1190.0,1.0 un
2026-04-05,arvejas secas carrefour classic remojadas 340 grs,carrefour,743.07,799.0,1.0 un
2026-04-05,fideos de arroz sin tacc wakas fusilli con chia 300 grs,wakas,3499.0,3499.0,1.0 un
2026-04-05,fideos de arroz sin tacc wakas fusilli con maíz 300 grs,wakas,3499.0,3499.0,1.0 un
2026-04-05,fideos mostachol marolio 500 g.,marolio,1100.0,1100.0,1.0 un
2026-04-05,caldo de gallina bulnez 6 uni,bulnez,659.0,659.0,1.0 un
2026-04-05,caldo sabor carne bulnez 6 uni,bulnez,659.0,659.0,1.0 un
2026-04-05,tomate perita carrefour extra 400 g.,carrefour,1625.4,2390.0,1.0 un
2026-04-05,tofu soyland finas hierbas 320 grs,soyland,4359.0,4359.0,1.0 un
2026-04-05,sal gruesa dos anclas en paquete 1 kg.,dos anclas,2459.0,2459.0,1.0 un
2026-04-05,aceitunas verdes carrefour classic rellenas doypack 180 grs,carrefour,2216.1,2490.0,1.0 un
2026-04-05,pan rallado favorita vitaminas 450 g.,favorita,1159.0,1159.0,1.0 un
2026-04-05,premezcla  maizena tapas de alfajor sin tacc  400 g.,maizena,3040.0,3040.0,1.0 un
2026-04-05,fecula de maíz carrefour classic 500 g.,carrefour,1738.8,1890.0,1.0 un
2026-04-05,aderezo hellmanns picante 250 g.,hellmanns,2414.25,3219.0,1.0 un
2026-04-05,fideos nido huevo carrefour classic 500 g.,carrefour,2340.6,2490.0,1.0 un
2026-04-05,canela molida carrefour classic en sobre 25 g.,carrefour,781.69,859.0,1.0 un
2026-04-05,azúcar impalpable carrefour classic en sobre 100 grs,carrefour,559.81,629.0,1.0 un
2026-04-05,arvejas secas remojadas bulnez en lata 300 g.,bulnez,579.0,579.0,1.0 un
2026-04-05,lentejas secas remojadas bulnez en lata 300 g.,bulnez,879.0,879.0,1.0 un
2026-04-05,choclo en crema amarillo bulnez 300 g.,bulnez,719.0,719.0,1.0 un
2026-04-05,aceitunas en rodajas morixe dp 300 g.,morixe,2160.0,2160.0,1.0 un
2026-04-05,salsa pomarola balance knorr 340 g.,knorr,1499.0,1499.0,1.0 un
2026-04-05,avena tradicional carrefour classic pouch 300 g.,carrefour,1385.7,1490.0,1.0 un
2026-04-05,tuco el mercado 50 g.,el mercado,799.0,799.0,1.0 un
2026-04-05,arvejas secas carrefour classic en bolsa 400 g.,carrefour,827.08,899.0,1.0 un
2026-04-05,premezcla maizena pan y pizza sin tacc  500 g.,maizena,4859.0,4859.0,1.0 un
2026-04-05,sal entrefina bulnez en bolsa 1 kg.,bulnez,1690.0,1690.0,1.0 un
2026-04-05,caldo knorr de verdura deshidratado 6 cubos,knorr,1589.0,1589.0,1.0 un
2026-04-05,paté de foie carrefour classic 90 g.,carrefour,808.99,889.0,1.0 un
2026-04-05,premezcla de bizcochuelo vainilla bulnez 480 g.,bulnez,1990.0,1990.0,1.0 un
2026-04-05,fideos rigatti don bernabeu 500 g.,don bernabeu,849.0,849.0,1.0 un
2026-04-05,fideos spaguetti don bernabeu 500 g.,don bernabeu,849.0,849.0,1.0 un
2026-04-05,mousse de chocolate exquisita en sobre 95 g.,exquisita,2650.0,2650.0,1.0 un
2026-04-05,adobo para pizza carrefour classic en sobre 25 g.,carrefour,836.07,899.0,1.0 un
2026-04-05,pimienta blanca carrefour classic en sobre 25 g.,carrefour,1738.8,1890.0,1.0 un
2026-04-05,orégano carrefour classic en sobre 15 g.,carrefour,595.41,669.0,1.0 un
2026-04-05,semola tradicional vitina en caja 500 g.,vitina,3350.0,3350.0,1.0 un
2026-04-05,fideos al huevo lucchetti spaghetti 500 g.,lucchetti,2100.0,2100.0,1.0 un
2026-04-05,pan rallado preferido de ajo y perejil 500 g.,preferido,2150.0,2150.0,1.0 un
2026-04-05,rebozador preferido horno en bolsa 1 kg.,preferido,4099.0,4099.0,1.0 un
2026-04-05,rebozador preferido en bolsa 1 kg.,preferido,3425.0,3425.0,1.0 un
2026-04-05,bizcochuelo exquisita de coco en caja 540 g.,exquisita,3499.0,3499.0,1.0 un
2026-04-05,bizcochuelo exquisita de naranja en caja 540 g.,exquisita,3499.0,3499.0,1.0 un
2026-04-05,gelatina exquisita de naranja 40 g.,exquisita,1200.0,1200.0,1.0 un
2026-04-05,gelatina exquisita de cereza 40 g.,exquisita,1200.0,1200.0,1.0 un
2026-04-05,aceite de oliva virgen natura extra fuerte 500 cc.,natura,14480.0,14480.0,1.0 un
2026-04-05,choclo en granos carrefour classic sin sal en lata 300 g.,carrefour,1385.7,1490.0,1.0 un
2026-04-05,aderezo hellmanns salsa golf doypack 250 g.,hellmanns,2579.0,2579.0,1.0 un
2026-04-05,arroz preparado gallo vegetales dp 240 g.,gallo,3080.0,3080.0,1.0 un
2026-04-05,fideos rina matarazzo fusilli 500 g.,matarazzo,3150.0,3150.0,1.0 un
2026-04-05,fideos al huevo n7 lucchetti tallarin 500 g.,lucchetti,2100.0,2100.0,1.0 un
2026-04-05,papas fritas pringles de crema y cebolla 109 g.,pringles,5619.0,5619.0,1.0 un
2026-04-05,tubitos de harina de maíz sabor queso 3d mega queso 85 g.,3d,3700.0,3700.0,1.0 un
2026-04-05,chizitos de maíz sabor a queso cheetos original 140 g.,cheetos,5050.0,5050.0,1.0 un
2026-04-05,chizitos de maíz sabor a queso cheetos original 85 g.,cheetos,3700.0,3700.0,1.0 un
2026-04-05,fideos tirabuzon al huevo don felipe 500 g.,don felipe,2349.0,2349.0,1.0 un
2026-04-05,fideos spaghetti al huevo don felipe 500 g.,don felipe,2349.0,2349.0,1.0 un
2026-04-05,fideos spaghetti n3 terrabusi 500 g.,terrabusi,1120.0,1120.0,1.0 un
2026-04-05,risotto 4 quesos gallo en caja 240 g.,gallo,4100.0,4100.0,1.0 un
2026-04-05,risotto a la española gallo en caja 240 g.,gallo,4100.0,4100.0,1.0 un
2026-04-05,premezcla para pizza pureza masa madre 550 g.,mamá cocina,2399.0,2399.0,1.0 un
2026-04-05,arroz molinos ala monovarietal selecto 1 kg.,molinos ala,2250.0,2250.0,1.0 un
2026-04-05,fideos sin tacc mix leg tirabuzon matarazzo 500 g.,matarazzo,4500.0,4500.0,1.0 un
2026-04-05,fideos sin tacc tirabuzon matarazzo 500 g.,matarazzo,4499.0,4499.0,1.0 un
2026-04-05,nachos macritas restaurant style 110 g.,macritas,2550.0,2550.0,1.0 un
2026-04-05,polenta instantanea sin tacc bulnez en bolsa 500 g.,bulnez,709.0,709.0,1.0 un
2026-04-05,mostaza d´ fiesta 220 g.,fiesta,725.0,725.0,1.0 un
2026-04-05,mayonesa dánica dp 250 cc.,dánica,1039.0,1039.0,1.0 un
2026-04-05,arroz integral gallo en caja 1 kg.,gallo,3500.0,3500.0,1.0 un
2026-04-05,harina de garbanzo dicomere 450 g.,dicomere,3299.0,3299.0,1.0 un
2026-04-05,sal marina gruesa dicomere 450 g.,dicomere,2800.0,2800.0,1.0 un
2026-04-05,palitos salados pehuamar 165 g.,pehuamar,3400.0,3400.0,1.0 un
2026-04-05,papas fritas pehuamar 135 g.,pehuamar,3850.0,3850.0,1.0 un
2026-04-05,papas fritas lays clásicas 230 g.,lays,6055.0,8650.0,1.0 un
2026-04-05,papas fritas sabor a queso y cebolla lays 77 g.,lays,2590.0,3700.0,1.0 un
2026-04-05,papas fritas sabor a jamón serrano lays 77 g.,lays,2590.0,3700.0,1.0 un
2026-04-05,nachos sabor a queso doritos 77 g.,doritos,3509.0,3509.0,1.0 un
2026-04-05,mayonesa fiesta 237 grs,festa,979.0,979.0,1.0 un
2026-04-05,mayonesa fiesta 1 kg.,festa,3655.0,3655.0,1.0 un
2026-04-05,ravioles de ricota la salteña 450 g.,la salteña,3800.0,3800.0,1.0 un
2026-04-05,ñoquis de papa la salteña 900 g.,la salteña,5705.0,5705.0,1.0 un
2026-04-05,ravioles la salteña de carne y espinaca blister 450 g.,la salteña,3799.0,3799.0,1.0 un
2026-04-05,nachos sabor a queso doritos 40 g.,doritos,2200.0,2200.0,1.0 un
2026-04-05,conos sabor queso carrefour classic 60 g.,carrefour,1199.7,1290.0,1.0 un
2026-04-05,papas fritas sin sal carrefour classic 90 g.,carrefour,1664.7,1790.0,1.0 un
2026-04-05,mayonesa hellmanns liviana doypack 950 g.,hellmanns,5395.0,5395.0,1.0 un
2026-04-05,palitos krachitos salados 70 g.,krachitos,1129.0,1129.0,1.0 un
2026-04-05,papas fritas krachitos pay 55 g.,krachitos,1729.0,1729.0,1.0 un
2026-04-05,rebozador panko mamá cocina 400 g.,mamá cocina,2765.0,2765.0,1.0 un
2026-04-05,mousse royal de chocolate 65 g.,royal,2999.0,2999.0,1.0 un
2026-04-05,postre royal de vainilla 75 g.,royal,1459.0,1459.0,1.0 un
2026-04-05,sopa instantánea knorr quick zapallo balance 5 sobres,knorr,3305.0,3305.0,1.0 un
2026-04-05,sopa instantánea knorr quick vegetales balance  5 sobres.,knorr,3305.0,3305.0,1.0 un
2026-04-05,salsa de tomate cica pomarola  340 g.,cica,1265.0,1265.0,1.0 un
2026-04-05,salsa de tomate cica pizza 340 g.,cica,1265.0,1265.0,1.0 un
2026-04-05,gelatina royal sabor frutilla 25 g.,genérico,1369.0,1369.0,1.0 un
2026-04-05,gelatina royal sabor durazno 25 g.,genérico,1369.0,1369.0,1.0 un
2026-04-05,garbanzos la campagnola secos remojados 300 g.,la campagnola,1519.0,1519.0,1.0 un
2026-04-05,puré de papas knorr receta completa  125 g.,knorr,3125.0,3125.0,1.0 un
2026-04-05,tubitos de harina de maíz sabor queso 3d mega queso 143 g.,genérico,4939.0,4939.0,1.0 un
2026-04-05,lentejas secas remojadas arcor en lata 300 g.,arcor,1330.0,1330.0,1.0 un
2026-04-05,porotos negros secos remojados inalpa 300 g.,inalpa,1499.0,1499.0,1.0 un
2026-04-05,mayonesa bc la campagnola light 250 g.,la campagnola,1349.0,1349.0,1.0 un
2026-04-05,mayonesa bc la campagnola light 1 kg.,la campagnola,5150.0,5150.0,1.0 un
2026-04-05,bizcochuelo águila de chocolate 530 g.,águila,3506.25,4675.0,1.0 un
2026-04-05,salsa queso cheddar adler doypack 250 g.,adler,5115.0,5115.0,1.0 un
2026-04-05,postre exquisita de dulce de leche 80 g.,exquisita,1200.0,1200.0,1.0 un
2026-04-05,postre exquisita de vainilla 80 g.,ilolay,1200.0,1200.0,1.0 un
2026-04-05,postre exquisita de chocolate 80 g.,exquisita,1500.0,1500.0,1.0 un
2026-04-05,jardinera inalpa de verduras sin sal vida 300 g.,inalpa,919.0,919.0,1.0 un
2026-04-05,porotos colorados inalpa secos remojados 300 g.,inalpa,1799.0,1799.0,1.0 un
2026-04-05,leche condensada carrefour tetra 395 g.,carrefour,3539.9,3890.0,1.0 un
2026-04-05,sopa de letras knorr con vegetales 107.5 g.,knorr,2475.0,2475.0,1.0 un
2026-04-05,sopa de pollo knorr con cabello de ángel 105.6 g.,knorr,2475.0,2475.0,1.0 un
2026-04-05,sopa de vegetales knorr con caracolitos tricolor 107.5 g.,knorr,2475.0,2475.0,1.0 un
2026-04-05,mayonesa clásica hellmanns sin tacc doypack 237 g.,hellmanns,1565.0,1565.0,1.0 un
2026-04-05,caldo de gallina maggi 6 uni,maggi,678.3,969.0,1.0 un
2026-04-05,laurel en hojas alicante 10 g.,alicante,2069.0,2069.0,1.0 un
2026-04-05,pimentón alicante dulce sobre 200 g.,alicante,5809.0,5809.0,1.0 un
2026-04-05,aceto casalta reducción 250 cc.,casalta,4955.0,4955.0,1.0 un
2026-04-05,bicarbonato de sodio alicante bolsa 50 g.,alicante,800.0,800.0,1.0 un
2026-04-05,semolín chacabuco x 1 kg.,chacabuco,1749.0,1749.0,1.0 un
2026-04-05,salsa de soja dos anclas libre de gluten 500 ml.,dos anclas,6070.0,6070.0,1.0 un
2026-04-05,pimienta negra alicante molida sobre 25 g.,alicante,1529.0,1529.0,1.0 un
2026-04-05,condimento alicante milanesa sobre 25 g.,alicante,1189.0,1189.0,1.0 un
2026-04-05,condimento alicante pizza sobre 25 g.,alicante,1090.0,1090.0,1.0 un
2026-04-05,provenzal alicante sobre 25 g.,alicante,1299.0,1299.0,1.0 un
2026-04-05,salsa italiana la campagnola doy pack 340 g.,la campagnola,1449.0,1449.0,1.0 un
2026-04-05,arroz integral non gmo dos hermanos 1 kg.,dos hermanos,1900.0,1900.0,1.0 un
2026-04-05,aceite de oliva extra virgen morixe vidrio 500 cc.,morixe,13100.0,13100.0,1.0 un
2026-04-05,premezcla brownie mamá cocina 425 g.,mamá cocina,3499.0,3499.0,1.0 un
2026-04-05,bizcochuelo vainilla mamá cocina bolsa 540 g.,mamá cocina,2880.0,2880.0,1.0 un
2026-04-05,condimento sabor al horno knorr barbacoa sobre 35 g,knorr,3049.0,3049.0,1.0 un
2026-04-05,condimento sabor al horno knorr cebolla y ajo 21 g.,knorr,3049.0,3049.0,1.0 un
2026-04-05,condimento sabor al horno knorr limón y orégano 21 g.,knorr,3049.0,3049.0,1.0 un
2026-04-05,aceite de oliva extra virgen cocinero suave 500 cc.,cocinero,8872.5,13650.0,1.0 un
2026-04-05,fécula de mandioca dicomere paquete sin tacc 450 g.,dicomere,3350.0,3350.0,1.0 un
2026-04-05,baño de repostería águila chocolate con leche 150 g.,águila,3759.0,3759.0,1.0 un
2026-04-05,porotos colorados secos remojados doña pupa tetra 340 g.,doña pupa,1220.0,1220.0,1.0 un
2026-04-05,porotos negros secos remojados doña pupa tetra 340 g.,doña pupa,1310.0,1310.0,1.0 un
2026-04-05,choclo cremoso amarillo doña pupa tetra 340 g.,doña pupa,915.0,915.0,1.0 un
2026-04-05,garbanzos secos remojados doña pupa tetra 340 g.,doña pupa,1079.0,1079.0,1.0 un
2026-04-05,lentejas secas remojadas doña pupa tetra 340 g.,doña pupa,1179.0,1179.0,1.0 un
2026-04-05,harina leudante sin sodio pureza 1 kg.,pureza,1769.0,1769.0,1.0 un
2026-04-05,aderezo caesar tau botella 300 g.,tau,4579.0,4579.0,1.0 un
2026-04-05,polenta instantánea don bernabeu 500 g.,don bernabeu,790.0,790.0,1.0 un
2026-04-05,snack sabor a pizza pep rueditas 120 g.,pep,3250.0,3250.0,1.0 un
2026-04-05,harina de almendras dicomere doy pack sin tacc 200 g.,dicomere,8499.0,8499.0,1.0 un
2026-04-05,aceto reducción original menoyo 250 cc.,menoyo,4099.0,4099.0,1.0 un
2026-04-05,arroz largo fino máximo 00000 bolsa 1 kg.,máximo,1469.0,1469.0,1.0 un
2026-04-05,pan rallado integral pureza bolsa 350 g.,pureza,1689.0,1689.0,1.0 un
2026-04-05,harina de trigo integral morixe 1 kg.,morixe,1629.0,1629.0,1.0 un
2026-04-05,mini tostaditas twistos jamón ibérico 95 g.,twistos,3489.0,3489.0,1.0 un
2026-04-05,merengue la amistad mediano color blanco sin tacc 100 grs.,la amistad,1460.0,1460.0,1.0 un
2026-04-05,aceite de oliva morixe extra virgen 500 cc.,morixe,14149.0,14149.0,1.0 un
2026-04-05,aceite de girasol lira 1.5 l.,lira,6099.0,6099.0,1.0 un
2026-04-05,premezcla santa maría panadería y respostería sin lactosa 1 kg. sin tacc,santa maría,7500.0,7500.0,1.0 un
2026-04-05,mayonesa heinz light con jugo de limón 350 g.,heinz,3299.0,3299.0,1.0 un
2026-04-05,harina blancaflor con levadura pizza 1 kg.,blancaflor,2250.0,2250.0,1.0 un
2026-04-05,bicarbonato de sodio s tacc pérgola 50 g.,pergola,569.0,569.0,1.0 un
2026-04-05,polenta presto pronta panceta y queso sin tacc 250 g.,presto pronta,1455.0,1455.0,1.0 un
2026-04-05,palitos tipo rejilla cross saladix 67 g.,saladix,1525.0,1525.0,1.0 un
2026-04-05,papas fritas carrefour classic cheddar 140 g.,carrefour,3411.0,3790.0,1.0 un
2026-04-05,mix de semillas genser desayuno 150 g.,genser,2499.0,2499.0,1.0 un
2026-04-05,harina de trigo morixe leudante 1 kg.,morixe,1560.0,1560.0,1.0 un
2026-04-05,aceite en aerosol cañuelas de oliva 187 cc.,cañuelas,5530.0,5530.0,1.0 un
2026-04-05,mostaza heinz 368 g.,heinz,4350.0,4350.0,1.0 un
2026-04-05,arroz yamani integral gallo 500 g.,gallo,3195.0,3195.0,1.0 un
2026-04-05,puré de papas instantáneo carrefour classic 4 quesos 100 g.,carrefour,1985.5,2090.0,1.0 un
2026-04-05,puré de papas instantáneo carrefour classic finas hierbas 100 g.,carrefour,1985.5,2090.0,1.0 un
2026-04-05,mayonesa heinz con jugo de limón 850 g.,heinz,5879.0,5879.0,1.0 un
2026-04-05,vinagre de vino blanco menoyo 500 cc.,menoyo,1925.0,1925.0,1.0 un
2026-04-05,fécula sin tacc de mandioca abucel en bolsa 500 g.,abucel,3839.0,3839.0,1.0 un
2026-04-05,almidón sin tacc de maiz abucel en bolsa 500 g.,abucel,1949.0,1949.0,1.0 un
2026-04-05,harina sin tacc abucel de arroz blanco 500 g.,abucel,1919.0,1919.0,1.0 un
2026-04-05,chips de papas rusticas nuestros sabores sal marina sin tacc 80 g.,nuestros sabores,1800.0,1800.0,1.0 un
2026-04-05,sal gruesa dos estrellas 1 kg.,dos estrellas,1635.0,1635.0,1.0 un
2026-04-05,snacks de arroz dos hermanos jamón 80 g.,dos hermanos,1549.0,1549.0,1.0 un
2026-04-05,aceite de oliva natura rocío vegetal 120 cc.,natura,6105.0,6105.0,1.0 un
2026-04-05,fideos ave maría matarazzo bolsa 500 g.,matarazzo,1889.0,1889.0,1.0 un
2026-04-05,premezcla para pizza pureza integral gourmet 550 g.,pureza,2339.0,2339.0,1.0 un
2026-04-05,fideos ave maría lucchetti 500 g.,lucchetti,1500.0,1500.0,1.0 un
2026-04-05,pan rallado mamá cocina fortificado 500 g.,mamá cocina,1560.0,1560.0,1.0 un
2026-04-05,ketchup picante la campagnola 250 g.,bc,1679.0,1679.0,1.0 un
2026-04-05,aceite de maíz mazola clásico pet 900 cc.,mazola,5710.0,5710.0,1.0 un
2026-04-05,aceite de maíz arcor 900 cc.,arcor,5580.0,5580.0,1.0 un
2026-04-05,lucchettinis lucchetti jamón y queso 500 g.,lucchetti,5200.0,5200.0,1.0 un
2026-04-05,arroz molinos ala doble bolsa 500 g.,molinos ala,1690.0,1690.0,1.0 un
2026-04-05,arroz molinos ala parboil dorado 500 g.,molinos ala,1190.0,1190.0,1.0 un
2026-04-05,salsa de soja darama 500 cc.,darama,3699.0,3699.0,1.0 un
2026-04-05,tapitas de vainilla soriano mini 200 g.,soriano,3139.0,3139.0,1.0 un
2026-04-05,arroz sushi dos hermanos 500 g.,dos hermanos,2959.0,2959.0,1.0 un
2026-04-05,porotos negros secos 500 g.,genérico,3190.0,3190.0,1.0 un
2026-04-05,maíz pisingallo 500 g.,genérico,1500.0,1500.0,1.0 un
2026-04-05,lentejones secos 500 g.,genérico,3399.0,3399.0,1.0 un
2026-04-05,lentejas,genérico,2990.0,2990.0,1.0 un
2026-04-05,paté de atún carrefour classic 80 grs,carrefour,1575.2,1790.0,1.0 un
2026-04-05,vinagre de alcohol casalta clásica 500 cc.,casalta,1099.0,1099.0,1.0 un
2026-04-05,peras carrefour en mitades 820 g.,carrefour,3245.7,3490.0,1.0 un
2026-04-05,aceite de oliva extra virgen zuelo original en botella 500 grs,zuelo,20049.0,20049.0,1.0 un
2026-04-05,maíz inflado azucarado 80 g.,genérico,599.0,699.0,1.0 un
2026-04-05,tomillo 50 g.,genérico,699.0,699.0,1.0 un
2026-04-05,romero 50 g.,genérico,1099.0,1099.0,1.0 un
2026-04-05,perejil deshidratado 50 g.,genérico,1029.0,1029.0,1.0 un
2026-04-05,paprika 50 g.,genérico,1119.0,1119.0,1.0 un
2026-04-05,curry 50 g.,genérico,1029.0,1029.0,1.0 un
2026-04-05,canela molida 50 g.,genérico,1090.0,1090.0,1.0 un
2026-04-05,albahaca 50 g.,genérico,979.0,979.0,1.0 un
2026-04-05,aceite de oliva carrefour classic virgen lata 1 l.,carrefour,20230.8,31690.0,1.0 un
2026-04-05,aceite de oliva oliovita clásico extra virgen 500 cc.,oliovita,17769.0,17769.0,1.0 un
2026-04-05,premezcla para panadería y repostería santa maría 1 kg. sin tacc,santa maría,8100.0,8100.0,1.0 un
2026-04-05,pulpa de tomate salsati 520 g.,bc,1139.0,1139.0,1.0 un
2026-04-05,aceite de oliva virgen carrefour classic lata 500 ml,carrefour,10791.0,14990.0,1.0 un
2026-04-05,fideos cinta nido 308 nº 3 al huevo 500 g.,308,2729.0,2729.0,1.0 un
2026-04-05,aceto balsámico favinco pet 500 cc.,favinco,4375.0,4375.0,1.0 un
2026-04-05,fideos spaghetti barilla n5 500 g.,barilla,7999.0,7999.0,1.0 un
2026-04-05,lomitos de atún carrefour al natural,carrefour,4863.3,5590.0,1.0 un
2026-04-05,sal fina light genser salero bajo sodio 300 g.,genser,5495.0,5495.0,1.0 un
2026-04-05,aceitunas verdes nucete descarozadas premium 360 g.,nucete,4860.0,4860.0,1.0 un
2026-04-05,aceitunas verdes castell descarozadas 80 g.,castell,1789.0,1789.0,1.0 un
2026-04-05,mayonesa natura 237 g.,natura,1449.0,1449.0,1.0 un
2026-04-05,sal fina celusal 100 g.,celusal,1849.0,1849.0,1.0 un
2026-04-05,galletitas saladix snacks calabresa 100 g.,saladix,1575.0,1575.0,1.0 un
2026-04-05,vinagre de manzana menoyo 1 l.,menoyo,3799.0,3799.0,1.0 un
2026-04-05,vinagre de manzana menoyo 500 cc.,menoyo,2395.0,2395.0,1.0 un
2026-04-05,vinagre de vino menoyo 1 l.,menoyo,2759.0,2759.0,1.0 un
2026-04-05,harina de trigo caserita para pizzas 1 kg.,caserita,1440.0,1440.0,1.0 un
2026-04-05,polenta carrefour classic bolsa 1 kg.,carrefour,1094.8,1190.0,1.0 un
2026-04-05,palmitos enteros carrefour 800 g.,carrefour,7551.6,8990.0,1.0 un
2026-04-05,sal entrefina celusal parrilla paquete 1 kg.,celusal,2445.0,2445.0,1.0 un
2026-04-05,galletitas saladix snacks pizza 100 g.,saladix,1569.0,1569.0,1.0 un
2026-04-05,premezcla pancake proteico granger sabor chocolate 400 grs,granger,16000.0,16000.0,1.0 un
2026-04-05,aderezo sabor asado hellmanns dp 250 grs,hellmanns,2459.25,3279.0,1.0 un
2026-04-05,nachos sabor pizza doritos 74 grs,doritos,3515.0,3515.0,1.0 un
2026-04-05,palitos de maíz ondulados cheetos sabor ketchup 80 grs,cheetos,3250.0,3250.0,1.0 un
2026-04-05,palitos de maíz ondulados cheetos sabor ketchup 40 grs,cheetos,2080.0,2080.0,1.0 un
2026-04-05,picadillo picante swift chile chipotle 90 grs,swift,1119.0,1119.0,1.0 un
2026-04-05,pepinillos en vinagre carrefour extra 1600 grs,carrefour,12226.8,13290.0,1.0 un
2026-04-05,pepinillo en vinagre carrefour extra 680 grs,carrefour,6633.9,7290.0,1.0 un
2026-04-05,pepinillos en vinagre carrefour extra 350 grs,carrefour,4995.9,5490.0,1.0 un
2026-04-05,takis intense nacho 85 grs,takis,3115.0,3115.0,1.0 un
2026-04-05,takis intense nacho 49 grs,takis,1989.0,1989.0,1.0 un
2026-04-05,galletitas snack crujitas de jamón serrano fp 120 grs,9 de oro,1489.0,1489.0,1.0 un
2026-04-05,galletitas snack crujitas sabor queso 120 grs,9 de oro,1496.93,1496.93,1.0 un
2026-04-05,fideos tirabuzón tricolor pietro coricelli 500 grs,pietro coricelli,2966.5,3490.0,1.0 un
2026-04-05,puré de papas y zapallo listo knorr en bolsa 125 grs,knorr,3219.0,3219.0,1.0 un
2026-04-05,galletitas saladas saladix sabor calabresa 40 grs,saladix,999.0,999.0,1.0 un
2026-04-05,nachos tostitos 260 grs,tostitos,6600.0,6600.0,1.0 un
2026-04-05,nachos tostitos 160 grs,tostitos,4799.0,4799.0,1.0 un
2026-04-05,aceite de oliva extra virgen zuelo suave en botella 500 ml,zuelo,20049.0,20049.0,1.0 un
2026-04-05,gelatina sin sabor bulnez 14 grs,bulnez,659.0,659.0,1.0 un
2026-04-05,jengibre molido la parmesana en sobre 15 grs,la parmesana,790.0,790.0,1.0 un
2026-04-05,cúrcuma molida la parmesana en sobre 15 grs,la parmesana,790.0,790.0,1.0 un
2026-04-05,pimenton extra la parmesana en sobre 15 grs,la parmesana,519.0,519.0,1.0 un
2026-04-05,fideos noodles de vegetales carrefour classic 65 grs,carrefour,1927.2,2190.0,1.0 un
2026-04-05,fideos noodles de pollo carrefour classic 65 grs,carrefour,1927.2,2190.0,1.0 un
2026-04-05,fideos noodles de carne carrefour classic 65 grs,carrefour,1927.2,2190.0,1.0 un
2026-04-05,passata classica pietro coricelli 690 grs,pietro coricelli,4190.0,4190.0,1.0 un
2026-04-05,salsa basilico pietro coricelli 350 grs,pietro coricelli,2790.0,3999.0,1.0 un
2026-04-05,fideos linguine de semolina pietro coricelli 500 grs,pietro coricelli,2490.0,2990.0,1.0 un
2026-04-05,avena gruesa dicomere sin gluten 350 grs,dicomere,2875.0,2875.0,1.0 un
2026-04-05,harina de garbanzo natural pop sin tacc 450 grs,natural pop,1889.0,1889.0,1.0 un
2026-04-05,salsa guacamole tau en botella 290 grs,tau,4980.0,4980.0,1.0 un
2026-04-05,galleta snack redonda carrefour classic 70 grs,carrefour,872.69,959.0,1.0 un
2026-04-05,zanahorias enteras carrefour extra en lata 400 grs,carrefour,2541.5,2990.0,1.0 un
2026-04-05,pickles en vinagre nucete dp 220 grs,nucete,1820.0,1820.0,1.0 un
2026-04-05,poroto alubia carrefour classic 500 grs,carrefour,2890.0,2890.0,1.0 un
2026-04-05,poroto de soja carrefour classic 500 grs,carrefour,1090.0,1090.0,1.0 un
2026-04-05,premezcla cookies de vainilla mamá cocina 300 grs,mamá cocina,1999.0,1999.0,1.0 un
2026-04-05,saborizador barbacoa knorr 4 uni,knorr,1699.0,1699.0,1.0 un
2026-04-05,saborizador de carne knorr en sobre 4 uni,knorr,1570.0,1570.0,1.0 un
2026-04-05,saborizador de verdura knorr en sobre 4 uni,knorr,1570.0,1570.0,1.0 un
2026-04-05,saborizador de verdura knorr cero sodio en sobre 4 uni,knorr,1699.0,1699.0,1.0 un
2026-04-05,porotos alubia bulnez 500 grs,bulnez,2390.0,2390.0,1.0 un
2026-04-05,aceitunas rellenas de jalapeño carrefour extra 200 grs,carrefour,2451.8,2990.0,1.0 un
2026-04-05,aceitunas rellenas de alcaparra carrefour extra 200 grs,carrefour,2451.8,2990.0,1.0 un
2026-04-05,merluza en aceite carrefour classic 340 grs,carrefour,2720.9,2990.0,1.0 un
2026-04-05,bicarbonato de sodio dicomere 200 grs,dicomere,2340.0,2340.0,1.0 un
2026-04-05,aceite de oliva extra virgen carrefour extra en botella 1 lt,carrefour,18190.9,25490.0,1.0 un
2026-04-05,jardinera 4 legumbres carrefour classic 300 grs,carrefour,1225.5,1290.0,1.0 un
2026-04-05,gelatina carrefour classic sabor frutilla 25 grs,carrefour,873.27,939.0,1.0 un
2026-04-05,gelatina carrefour classic sabor frambuesa 25 grs,carrefour,873.27,939.0,1.0 un
2026-04-05,aceitunas negras marvavic en rodajas 80 grs,marvavic,1680.0,1680.0,1.0 un
2026-04-05,maní frito carrefour classic sabor panceta 85 grs,carrefour,1071.0,1190.0,1.0 un
2026-04-05,maní frito carrefour classic de crema y cebolla 85 grs,carrefour,1071.0,1190.0,1.0 un
2026-04-05,maní tostado sin sal carrefour classic 350 grs,carrefour,3524.7,3790.0,1.0 un
2026-04-05,pimienta negra en grano la parmesana 15 grs,la parmesana,1100.0,1100.0,1.0 un
2026-04-05,flan godet de vainilla 30 grs,godet,800.0,800.0,1.0 un
2026-04-05,ajo picado deshidratado el mercado 50 grs,el mercado,1159.0,1159.0,1.0 un
2026-04-05,curry el mercado 50 grs,el mercado,799.0,799.0,1.0 un
2026-04-05,papas fritas tradicional krachitos 275 grs,krachitos,5979.0,5979.0,1.0 un
2026-04-05,mini tostaditas twistos de jamón 40 grs,twistos,2099.0,2099.0,1.0 un
2026-04-05,atún en aceite carrefour classic oliva lomito 160 grs,carrefour,3152.7,3390.0,1.0 un
2026-04-05,papas fritas carrefour classic corte americano 150 grs,carrefour,2434.6,2590.0,1.0 un
2026-04-05,ajo granulado carrefour classic en sobre 25 grs,carrefour,826.26,879.0,1.0 un
2026-04-05,aceitunas verdes xl castell descarozadas dp 140 g.,castell,3250.0,3250.0,1.0 un
2026-04-05,pochoclo orgánico bamboo sweet salty pack 80 grs,bamboo,2900.0,2900.0,1.0 un
2026-04-05,pochoclo orgánico bamboo sal marina pack 60 grs,bamboo,2429.0,2429.0,1.0 un
2026-04-05,fideos de arroz sin tacc wakas penne rigante con maíz 300 grs,wakas,3499.0,3499.0,1.0 un
2026-04-05,fideos fusilli sin tacc wakas amaranto 300 grs,wakas,3499.0,3499.0,1.0 un
2026-04-05,harina blend de legumbres y semillas chacabuco sin tacc 400 g.,chacabuco,3599.0,3599.0,1.0 un
2026-04-05,premezcla para pan y pizza chacabuco sin tacc 400 g.,chacabuco,3199.0,3199.0,1.0 un
2026-04-05,fideos sin tacc al huevo tirabuzón yuka 250 g.,yuka,2999.0,2999.0,1.0 un
2026-04-05,coco rallado carrefour classic 25 g.,carrefour,584.97,629.0,1.0 un
2026-04-05,pan rallado favorita vitaminas 900 g.,favorita,2219.0,2219.0,1.0 un
2026-04-05,fideos tallarines huevo carrefour classic 80 g.,carrefour,2340.6,2490.0,1.0 un
2026-04-05,vinagre de manzana bulnez en botella 500 cc.,bulnez,1790.0,1790.0,1.0 un
2026-04-05,jardinera bulnez en lata 300 g.,bulnez,929.0,929.0,1.0 un
2026-04-05,harina de trigo integral chacabuco orgánica 750 g.,chacabuco,2279.0,2279.0,1.0 un
2026-04-05,aceitunas enteras morixe dp 300 g.,morixe,1940.0,1940.0,1.0 un
2026-04-05,salsa pomodoro con zapallo knorr 340 g.,knorr,1499.0,1499.0,1.0 un
2026-04-05,salsa guiso y arroces knorr 340 g.,knorr,1499.0,1499.0,1.0 un
2026-04-05,especias para empanadas el mercado 50 g.,el mercado,789.0,789.0,1.0 un
2026-04-05,condimento para arroz el mercado 50 g.,el mercado,699.0,699.0,1.0 un
2026-04-05,maiz dulce en granos carrefour extra 340 g.,carrefour,2720.9,2990.0,1.0 un
2026-04-05,aceto balsamico carrefour extra di modena 500 cc.,carrefour,5632.9,6190.0,1.0 un
2026-04-05,papas fritas pringles original 37 g.,pringles,2730.0,2730.0,1.0 un
2026-04-05,premezcla maizena bizcochuelo sin tacc de vainilla 450 g.,maizena,6459.0,6459.0,1.0 un
2026-04-05,caldo knorr de verdura balance 12 uni,knorr,3069.0,3069.0,1.0 un
2026-04-05,premezcla sin tacc exquisita brownie 400 g.,exquisita,5450.0,5450.0,1.0 un
2026-04-05,chizitos cheetos ondulados queso crema 43 grs,cheetos,2200.0,2200.0,1.0 un
2026-04-05,bizcochuelo sin tacc exquisita de vainilla 450 g.,exquisita,5109.0,5109.0,1.0 un
2026-04-05,condimento provenzal carrefour classic en sobre 25 g.,carrefour,1047.2,1190.0,1.0 un
2026-04-05,ají molido carrefour classic en sobre 25 g.,carrefour,873.27,939.0,1.0 un
2026-04-05,pimenton dulce carrefour classic en sobre 25 g.,carrefour,1035.3,1190.0,1.0 un
2026-04-05,fideos al huevo lucchetti mostachol 500 g.,lucchetti,2100.0,2100.0,1.0 un
2026-04-05,rebozador preferido horno en bolsa 500 g.,preferido,2149.0,2149.0,1.0 un
2026-04-05,torta de chocolate exquisita 450 g.,exquisita,4700.0,4700.0,1.0 un
2026-04-05,brownies de limón exquisita 425 g.,exquisita,4700.0,4700.0,1.0 un
2026-04-05,maní pelado pehuamar 135 g.,pehuamar,2790.0,2790.0,1.0 un
2026-04-05,harina de trigo 000 favorita con vitaminas 1 kg.,favorita,950.0,950.0,1.0 un
2026-04-05,lentejas secas remojadas carrefour classic sin sal 300 g.,carrefour,1186.8,1290.0,1.0 un
2026-04-05,arvejas secas remojadas carrefour classic sin sal 300 g.,carrefour,670.68,729.0,1.0 un
2026-04-05,porotos de soja carrefour classic seca remojada 300 g.,carrefour,1071.0,1190.0,1.0 un
2026-04-05,jardin de hortaliza y legumbres carrefour classic 300 g.,carrefour,1199.7,1290.0,1.0 un
2026-04-05,arroz preparado gallo verdeo dp 240 g.,gallo,3080.0,3080.0,1.0 un
2026-04-05,arroz preparado gallo queso dp 240 g.,gallo,3080.0,3080.0,1.0 un
2026-04-05,semola clásica vitina nutrimax lucchetti 250 g.,lucchetti,1889.0,1889.0,1.0 un
2026-04-05,mayonesa cañuelas 250 cc.,cañuelas,1199.0,1199.0,1.0 un
2026-04-05,papas fritas pringles de queso 109 g.,pringles,5619.0,5619.0,1.0 un
2026-04-05,chizitos de maíz sabor a queso cheetos original 229 g.,cheetos,7750.0,7750.0,1.0 un
2026-04-05,nachos macritas originales en bolsa 150 g.,macritas,3300.0,3300.0,1.0 un
2026-04-05,risotto parmesano azafran gallo en caja 240 g.,gallo,4620.0,4620.0,1.0 un
2026-04-05,risotto champiniones gallo en caja 240 g.,gallo,4620.0,4620.0,1.0 un
2026-04-05,maní pelado tostado croppers sin sal 350 g.,croppers,4229.0,4229.0,1.0 un
2026-04-05,maní pelado salado croppers en bolsa 350 g.,croppers,4229.0,4229.0,1.0 un
2026-04-05,maní pelado salado croppers en bolsa 105 g.,croppers,1335.0,1335.0,1.0 un
2026-04-05,nestlé leche condensada descremada orgánica 395 grs,nestlé,5049.0,5049.0,1.0 un
2026-04-05,arroz integral luccetti 1 kg.,lucchetti,3090.0,3090.0,1.0 un
2026-04-05,arroz doble carolina lucchetti 1 kg.,lucchetti,3779.0,3779.0,1.0 un
2026-04-05,premezcla chipa mamá cocina 400 g.,mamá cocina,4535.0,4535.0,1.0 un
2026-04-05,aceite de oliva picual famialia zuccardi 500 cc.,zuccardi,26450.0,26450.0,1.0 un
2026-04-05,premezcla lucchetti torta frita 500 g.,lucchetti,2499.0,2499.0,1.0 un
2026-04-05,maggi caldo de gallina menos sodio 12 uni,maggi,1210.3,1729.0,1.0 un
2026-04-05,papas fritas lays ondas flamin' hot 70 grs,lays,2484.3,3549.0,1.0 un
2026-04-05,polvo para hornear dicomere sin aluminio 250 g.,dicomere,4200.0,4200.0,1.0 un
2026-04-05,papas fritas lays clásicas 85 g.,lays,2456.3,3509.0,1.0 un
2026-04-05,mayonesa dánica 1 kg.,dánica,3879.0,3879.0,1.0 un
2026-04-05,ravioles 4 quesos la salteña 900 g.,la salteña,7559.0,7559.0,1.0 un
2026-04-05,papas fritas lays clásicas 40 g.,lays,1155.0,2200.0,1.0 un
2026-04-05,aceite de oliva cocinero puro pet 500 cc.,cocinero,7507.5,11550.0,1.0 un
2026-04-05,nachos sabor cheddar carrefour classic en bolsa 90 g.,carrefour,1830.8,1990.0,1.0 un
2026-04-05,nachos sabor original carrefour classic en bolsa 90 g.,carrefour,1830.8,1990.0,1.0 un
2026-04-05,premezcla natural pop sin tacc falafel natural 210 cc.,natural pop,1689.0,1689.0,1.0 un
2026-04-05,premezcla natural pop sin tacc para faina 210 g.,natural pop,1470.0,1470.0,1.0 un
2026-04-05,rallado vegano natural pop 100 g.,natural pop,1319.0,1319.0,1.0 un
2026-04-05,maní tostado pelado sin sal x kg,genérico,7999.0,7999.0,0.1 kg
2026-04-05,helado exquisita de frutilla fortificado 52 g.,exquisita,1500.0,1500.0,1.0 un
2026-04-05,"helado exquisita de chocolate fortificado 55 g,",exquisita,1560.0,1560.0,1.0 un
2026-04-05,papas fritas corte tradicional carrefour classic 50 g.,carrefour,1035.5,1090.0,1.0 un
2026-04-05,maní pelado krachitos frito salado 110 g.,krachitos,1979.0,1979.0,1.0 un
2026-04-05,papas fritas krachitos pay 150 g.,krachitos,3859.0,3859.0,1.0 un
2026-04-05,flan royal de vainilla 60 g.,royal,1390.0,1390.0,1.0 un
2026-04-05,postre royal de vainilla 43 g.,royal,1459.0,1459.0,1.0 un
2026-04-05,postre royal de frutilla 75 g.,royal,1460.0,1460.0,1.0 un
2026-04-05,sopa instantánea knorr quick vegetales apio 5 sobres.,knorr,3305.0,3305.0,1.0 un
2026-04-05,sopa instantánea knorr quick zapallo romero 5 sobres,knorr,3305.0,3305.0,1.0 un
2026-04-05,salsa de tomate cica tuco 340 g.,cica,1265.0,1265.0,1.0 un
2026-04-05,gelatina royal cereza 25 g.,royal,1369.0,1369.0,1.0 un
2026-04-05,arroz largo fino itá caabó 1 kg.,itá caabó,2495.0,2495.0,1.0 un
2026-04-05,pan rallado mamá cocina con ajo y perejil 500 g.,mamá cocina,1950.0,1950.0,1.0 un
2026-04-05,salsa de soja la parmesana glaze teriyaki 300 g.,genérico,4029.0,4029.0,1.0 un
2026-04-05,bizcochuelo morixe de vainilla 540 g.,morixe,2899.0,2899.0,1.0 un
2026-04-05,ketchup helmanns regular squeeze 400 g.,hellmanns,4349.25,5799.0,1.0 un
2026-04-05,bizcochuelo águila vainilla 540 g.,águila,3216.75,4289.0,1.0 un
2026-04-05,choclo grano entero sin sal inalpa vida 300 g.,inalpa,1599.0,1599.0,1.0 un
2026-04-05,fideos nido el record al huevo con espinaca 500 g.,el record,3219.0,3219.0,1.0 un
2026-04-05,mayonesa hellmanns receta casera doypack 232 g.,hellmanns,2565.0,2565.0,1.0 un
2026-04-05,ramen nissin pollo picante paquete 85 g.,nissin,2085.0,2085.0,1.0 un
2026-04-05,vegetales deshidratados knorr zanahoria 100 g.,knorr,2890.0,2890.0,1.0 un
2026-04-05,vegetales deshidratados knorr morrón 75 g.,knorr,4625.0,4625.0,1.0 un
2026-04-05,vegetales deshidratados  knorr espinaca  50 g.,knorr,2890.0,2890.0,1.0 un
2026-04-05,salsa alioli dos anclas 340 g.,aleluya,4999.0,4999.0,1.0 un
2026-04-05,salsa caesar light sin tacc dos anclas botella 360 g.,dos anclas,4775.0,4775.0,1.0 un
2026-04-05,postre light exquisita dulce de leche en sobre 60 g.,exquisita,1200.0,1200.0,1.0 un
2026-04-05,postre light exquisita sabor chocolate en sobre 65 g.,exquisita,1500.0,1500.0,1.0 un
2026-04-05,harina integral chacabuco con legumbres 750 g.,chacabuco,1969.0,1969.0,1.0 un
2026-04-05,harina de trigo chacabuco especial pastelería 1 kg.,chacabuco,1749.0,1749.0,1.0 un
2026-04-05,sopa crema knorr zapallo con nuez moscada 70 g.,knorr,2475.0,2475.0,1.0 un
2026-04-05,sopa crema knorr de vegetales 60 g.,knorr,2475.0,2475.0,1.0 un
2026-04-05,provenzal dos anclas doy pack 50 g.,dos anclas,1999.0,1999.0,1.0 un
2026-04-05,filet de anchoas marbella 90 g.,marbella,6800.0,6800.0,1.0 un
2026-04-05,coco rallado alicante sobre 50 g.,alicante,1950.0,1950.0,1.0 un
2026-04-05,salsa blanca alicante sobre 40 g.,alicante,1529.0,1529.0,1.0 un
2026-04-05,azafrán alicante blister x 2 uni,alicante,6050.0,6050.0,1.0 un
2026-04-05,pimienta blanca alicante molida sobre 25 g.,alicante,2139.0,2139.0,1.0 un
2026-04-05,condimento alicante pizza sobre 50 g.,alicante,2250.0,2250.0,1.0 un
2026-04-05,premezcla exquisita cookies vainilla con chips 300 g.,exquisita,2515.0,2515.0,1.0 un
2026-04-05,orégano alicante sobre 25 g.,alicante,1479.0,1479.0,1.0 un
2026-04-05,salsa tuco arcor doy pack 340 g.,arcor,1249.0,1249.0,1.0 un
2026-04-05,salsa pomarola arcor doy pack 340 g.,arcor,1249.0,1249.0,1.0 un
2026-04-05,baño de repostería semi amargo águila bolsa 150 g.,águila,3759.0,3759.0,1.0 un
2026-04-05,jardinera de hortalizas doña pupa tetra 340 g.,doña pupa,1139.0,1139.0,1.0 un
2026-04-05,salsa cheddar tau botella pet 300 g.,tau,4529.0,4529.0,1.0 un
2026-04-05,snack sabor a pizza pep rueditas 74 g.,pep,2100.0,2100.0,1.0 un
2026-04-05,palitos sabor a queso pehuamar 90 g.,pehuamar,1870.0,1870.0,1.0 un
2026-04-05,harina de coco dicomere doy pack 200 g.,dicomere,3999.0,3999.0,1.0 un
2026-04-05,pan rallado cañuelas 500 g.,cañuelas,1339.0,1339.0,1.0 un
2026-04-05,aceite de maíz lira 900 cc.,lira,6735.0,6735.0,1.0 un
2026-04-05,papas fritas acanaladas pehuamar 230 g.,pehuamar,6299.0,6299.0,1.0 un
2026-04-05,mini tostaditas twistos sabor quesos 95 grs,twistos,3459.0,3459.0,1.0 un
2026-04-05,salsa barbacoa carrefour 350 g.,carrefour,3338.7,3590.0,1.0 un
2026-04-05,ketchup heinz 190 g.,heinz,3300.0,3300.0,1.0 un
2026-04-05,quinoa blanca terrasana sin conservantes 250 g.,terrasana,7890.0,7890.0,1.0 un
2026-04-05,polvo para hornear pergola 50 g. sin tacc,pergola,1425.0,1425.0,1.0 un
2026-04-05,pimentón pergola 25 g. sin tacc,pergola,559.0,559.0,1.0 un
2026-04-05,nuez moscada pergola molida 25 g. sin tacc,pergola,1289.0,1289.0,1.0 un
2026-04-05,condimento para pizza pergola 25 g. sin tacc,pergola,600.0,600.0,1.0 un
2026-04-05,ají molido pergola 25 g. sin tacc,pergola,700.0,700.0,1.0 un
2026-04-05,rebozador morixe 1 kg.,morixe,2025.0,2700.0,1.0 un
2026-04-05,sal fina dos anclas salero 500 g.,dos anclas,3469.0,3469.0,1.0 un
2026-04-05,vinagre de manzana pampagourmet orgánico 250 cc.,pampagourmet,7350.0,7350.0,1.0 un
2026-04-05,semillas de girasol genser 150 g.,genser,1799.0,1799.0,1.0 un
2026-04-05,premezcla para brownie águila 425 g.,águila,3891.75,5189.0,1.0 un
2026-04-05,premezcla para torta húmeda águila chocolate 450 g.,águila,3674.25,4899.0,1.0 un
2026-04-05,cereal de maíz dulce inflado nikitos 350 g.,nikitos,2399.0,2399.0,1.0 un
2026-04-05,ramen cup noodles pollo 69 g.,nissin,3149.0,3149.0,1.0 un
2026-04-05,palitos rueditas pep 40 g.,pep,1380.0,1380.0,1.0 un
2026-04-05,premezcla para pan de queso carrefour classic 200 g. sin tacc,carrefour,3411.0,3790.0,1.0 un
2026-04-05,premezcla sin tacc abucel en bolsa 500 g.,abucel,3389.0,3389.0,1.0 un
2026-04-05,azúcar impalpable abucel sin tacc en bolsa 500 g.,abucel,2515.0,2515.0,1.0 un
2026-04-05,caldo de gallina carrefour classic en cubos 12 u.,carrefour,1264.9,1390.0,1.0 un
2026-04-05,caldo de carne carrefour classic deshidratado 12 u.,carrefour,1264.9,1390.0,1.0 un
2026-04-05,lucchettinis lucchetti carne 500 g.,lucchetti,5200.0,5200.0,1.0 un
2026-04-05,palitos de arroz dos hermanos queso 80 g.,dos hermanos,1549.0,1549.0,1.0 un
2026-04-05,fideos nido fettucini lucchetti bolsa 500 g.,lucchetti,2410.0,2410.0,1.0 un
2026-04-05,fideos dedalitos matarazzo 500 g.,matarazzo,1849.0,1849.0,1.0 un
2026-04-05,jugo de limón menoyo 250 cc.,menoyo,1489.0,1489.0,1.0 un
2026-04-05,aceite mezcla natura blend 1.5 l.,natura,9755.0,9755.0,1.0 un
2026-04-05,aceite mezcla natura blend 900 cc.,natura,5985.0,5985.0,1.0 un
2026-04-05,maíz inflado grandiet azucarado sin tacc 200 g.,grandiet,2750.0,2750.0,1.0 un
2026-04-05,sal entrefina carrefour classic bolsa 1 kg,carrefour,1494.6,1590.0,1.0 un
2026-04-05,harina de trigo 000 pureza 1 kg.,pureza,1115.0,1115.0,1.0 un
2026-04-05,lentejas la española bolsa 400 g.,la española,1560.0,1950.0,1.0 un
2026-04-05,choclo cremoso amarillo la campagnola 300 g.,la campagnola,1939.0,1939.0,1.0 un
2026-04-05,maní japones 150 g.,genérico,2399.0,2699.0,1.0 un
2026-04-05,quinoa entera sturla 250 g.,sturla,6338.0,6338.0,1.0 un
2026-04-05,semillas de lino enteras sturla 250 g.,sturla,1874.0,1874.0,1.0 un
2026-04-05,semilla de sésamo sturla entera 250 g.,sturla,2671.0,2671.0,1.0 un
2026-04-05,porotos colorados secos 500 g.,genérico,3590.0,3590.0,1.0 un
2026-04-05,palmitos en rodajas carrefour classic 800 g.,carrefour,7111.1,7990.0,1.0 un
2026-04-05,atún en aceite vegetal lomitos carrefour pack 80 g. x 3 uni,carrefour,4863.3,5590.0,1.0 un
2026-04-05,aceitunas verdes nucete premium 360 g.,nucete,5669.0,5669.0,1.0 un
2026-04-05,harina de arroz kapac sin tacc bolsa 500 g.,kapac,2275.0,2275.0,1.0 un
2026-04-05,vinagre de manzana clásico casalta pet 1 l.,casalta,3545.0,3545.0,1.0 un
2026-04-05,aceite de oliva carrefour classic virgen 1 l.,carrefour,20482.6,21790.0,1.0 un
2026-04-05,especias para tuco 50 g.,genérico,1199.0,1199.0,1.0 un
2026-04-05,pimienta negra molida 50 g.,genérico,2199.0,2199.0,1.0 un
2026-04-05,pimienta blanca molida 50 g.,genérico,2999.0,2999.0,1.0 un
2026-04-05,chimi churri 50 g.,genérico,1079.0,1079.0,1.0 un
2026-04-05,condimento para empanadas 50 g.,genérico,899.0,899.0,1.0 un
2026-04-05,salsa picante la parmesana 180 cc.,la parmesana,1950.0,1950.0,1.0 un
2026-04-05,salsa inglesa la parmesana 180 cc.,la parmesana,2869.0,2869.0,1.0 un
2026-04-05,almidón de maíz egran 200 g.,egran,939.0,939.0,1.0 un
2026-04-05,esencia de vainilla dos anclas pet 100 cc.,dos anclas,2030.0,2030.0,1.0 un
2026-04-05,salsa blanca dos anclas en sobre 40 g.,dos anclas,909.0,909.0,1.0 un
2026-04-05,nuez moscada la parmesana con rallador 2 u.,la parmesana,2429.0,2429.0,1.0 un
2026-04-05,sal gruesa celusal caja 1 kg.,celusal,2579.0,2579.0,1.0 un
2026-04-05,vinagre de vino menoyo 500 cc.,menoyo,1989.0,1989.0,1.0 un
2026-04-05,pate de foie salmón swift lata 85 g.,swift,2210.0,2210.0,1.0 un
2026-04-05,paté de foie swift jamón 85 g.,swift,2038.0,2038.0,1.0 un
2026-04-05,sal fina celusal salero 250 g.,celusal,3199.0,3199.0,1.0 un
2026-04-05,vinagre de manzana carrefour classic 1 l.,carrefour,2904.6,3090.0,1.0 un
2026-04-05,vinagre de vino carrefour classic 1 l.,carrefour,2152.6,2290.0,1.0 un
2026-04-05,sal fina light dos anclas caja 500 g.,dos anclas,5119.0,5119.0,1.0 un
2026-04-05,ají molido dos anclas 50 g.,dos anclas,1775.0,1775.0,1.0 un
2026-04-05,sal fina celusal salero 500 g.,celusal,4105.0,4105.0,1.0 un
2026-04-05,nachos sabor pizza doritos 35 grs,doritos,2300.0,2300.0,1.0 un
2026-04-05,fideos divini rigatoni giuseppe ferro 500 grs,giuseppe ferro,4390.0,4390.0,1.0 un
2026-04-05,saborizador oriental knorr bolsa para horno 21 grs,knorr,3055.0,3055.0,1.0 un
2026-04-05,saborizador finas hierbas knorr bolsa para horno 21 grs,knorr,3049.0,3049.0,1.0 un
2026-04-05,choclo y arvejas carrefour classic dp 240 grs,carrefour,1588.6,1690.0,1.0 un
2026-04-05,papas fritas bulnez sabor original en tubo 45 grs,bulnez,1490.0,1490.0,1.0 un
2026-04-05,galletitas snack carrefour classic sabor queso 70 grs,carrefour,1024.6,1090.0,1.0 un
2026-04-05,galletitas snacks carrefour classic sabor pizza 70 grs,carrefour,1024.6,1090.0,1.0 un
2026-04-05,galletitas snack carrefour classic sabor jamón 70 grs,carrefour,1024.6,1090.0,1.0 un
2026-04-05,premezcla para wafles pancakes la parmesana 180 grs,la parmesana,2675.0,2675.0,1.0 un
2026-04-05,flan dulce de leche godet en sobre 25 grs,godet,749.0,749.0,1.0 un
2026-04-05,lomo de atún en aceite sabor ahumado la campagnola 170 grs,la campagnola,5689.0,5689.0,1.0 un
2026-04-05,aceite de coco virgen carrefour extra 200 ml,carrefour,10431.0,11590.0,1.0 un
2026-04-05,pepinillos en rodajas carrefour extra 500 grs,carrefour,5931.0,6590.0,1.0 un
2026-04-05,snack de arroz molinos ala sabor cebolla y crema 80 grs,molinos ala,2029.0,2029.0,1.0 un
2026-04-05,snack de arroz molinos ala sabor queso 80 grs,molinos ala,2129.0,2129.0,1.0 un
2026-04-05,takis intense nacho 140 grs,takis,4988.7,4988.7,1.0 un
2026-04-05,lasagna al huevo rina matarazzo 400 grs,rina,5000.0,5000.0,1.0 un
2026-04-05,jugo de limón carrefour classic pet 1 lt,carrefour,2993.9,3290.0,1.0 un
2026-04-05,condimento para tacos la parmesana en sobre 15 grs,la parmesana,889.0,889.0,1.0 un
2026-04-05,ajo granulado la parmesana en sobre 15 grs,la parmesana,615.0,615.0,1.0 un
2026-04-05,condimento para carnes la parmesana en sobre 15 grs,la parmesana,730.0,730.0,1.0 un
2026-04-05,snack tostis shiva de jalapeño y limón 100 grs,shiva,3619.0,3619.0,1.0 un
2026-04-05,fideos fetuccini carrefour extra en caja 500 grs,carrefour,4130.8,4490.0,1.0 un
2026-04-05,fideos spaguetti carrefour extra en caja 500 grs,carrefour,4130.8,4490.0,1.0 un
2026-04-05,papas fritas pringles de chedar y bacon 105 grs,pringles,5625.0,5625.0,1.0 un
2026-04-05,salsa napolitana pietro coricelli 350 grs,pietro coricelli,2790.0,3999.0,1.0 un
2026-04-05,salsa pesto alla genovese pietro coricelli 190 grs,pietro coricelli,5290.0,5290.0,1.0 un
2026-04-05,salsa arrabbiata pietro coricelli 350 grs,pietro coricelli,2790.0,3999.0,1.0 un
2026-04-05,aceto balsámico giurlani di modena en botella 500 ml,giurlani,7190.0,7190.0,1.0 un
2026-04-05,fideos spaghetti baronía 500 grs,baronía,2990.0,4390.0,1.0 un
2026-04-05,fideos penne rigate baronia 500 grs,baronía,2990.0,4390.0,1.0 un
2026-04-05,fideos spaghettini baronia 500 grs,baronía,2990.0,4390.0,1.0 un
2026-04-05,fideos fusilli baronía 500 grs,baronía,2990.0,4390.0,1.0 un
